-- phpMyAdmin SQL Dump
-- version 4.0.4.2
-- http://www.phpmyadmin.net
--
-- Machine: localhost
-- Genereertijd: 28 mei 2015 om 19:35
-- Serverversie: 5.6.13
-- PHP-versie: 5.4.17

SET SQL_MODE = "NO_AUTO_VALUE_ON_ZERO";
SET time_zone = "+00:00";


/*!40101 SET @OLD_CHARACTER_SET_CLIENT=@@CHARACTER_SET_CLIENT */;
/*!40101 SET @OLD_CHARACTER_SET_RESULTS=@@CHARACTER_SET_RESULTS */;
/*!40101 SET @OLD_COLLATION_CONNECTION=@@COLLATION_CONNECTION */;
/*!40101 SET NAMES utf8 */;

--
-- Databank: `groenestraat`
--
CREATE DATABASE IF NOT EXISTS `groenestraat` DEFAULT CHARACTER SET latin1 COLLATE latin1_swedish_ci;
USE `groenestraat`;

-- --------------------------------------------------------

--
-- Tabelstructuur voor tabel `sysdiagrams`
--

CREATE TABLE IF NOT EXISTS `sysdiagrams` (
  `name` varchar(160) NOT NULL,
  `principal_id` int(11) NOT NULL,
  `diagram_id` int(11) NOT NULL AUTO_INCREMENT,
  `version` int(11) DEFAULT NULL,
  `definition` longblob,
  PRIMARY KEY (`diagram_id`),
  UNIQUE KEY `UK_principal_name` (`principal_id`,`name`)
) ENGINE=InnoDB  DEFAULT CHARSET=latin1 AUTO_INCREMENT=2 ;

--
-- Gegevens worden uitgevoerd voor tabel `sysdiagrams`
--

INSERT INTO `sysdiagrams` (`name`, `principal_id`, `diagram_id`, `version`, `definition`) VALUES
('D1', 1, 1, 1, 0xd0cf11e0a1b11ae1000000000000000000000000000000003e000300feff0900060000000000000000000000010000000100000000000000001000004000000001000000feffffff0000000000000000fffffffffffffffffffffffffffffffffffffffffffffffffffffffffffffffffffffffffffffffffffffffffffffffffffffffffffffffffffffffffffffffffffffffffffffffffffffffffffffffffffffffffffffffffffffffffffffffffffffffffffffffffffffffffffffffffffffffffffffffffffffffffffffffffffffffffffffffffffffffffffffffffffffffffffffffffffffffffffffffffffffffffffffffffffffffffffffffffffffffffffffffffffffffffffffffffffffffffffffffffffffffffffffffffffffffffffffffffffffffffffffffffffffffffffffffffffffffffffffffffffffffffffffffffffffffffffffffffffffffffffffffffffffffffffffffffffffffffffffffffffffffffffffffffffffffffffffffffffffffffffffffffffffffffffffffffffffffffffffffffffffffffffffffffffffffffffffffffffffffffffffffffffffffffffffffffffffffffffffffffffffffffffffffffffffffffffffffffffffffffffffffffffffffffffffffffffffffffffffffffffffffffffffffffffffffffffffffffffffffffffffffffffffffffffffffffdffffff42000000030000000400000005000000060000000700000008000000090000000a0000000b0000000c0000000d0000000e0000000f000000100000001100000012000000feffffff1400000015000000160000001700000018000000190000001a0000001b0000001c0000001d0000001e0000001f000000200000002100000022000000230000002400000025000000260000002700000028000000290000002a0000002b0000002c0000002d0000002e0000002f000000300000003100000032000000330000003400000035000000360000003700000038000000390000003a0000003b0000003c0000003d0000003e0000003f000000fefffffffeffffff67000000feffffff4400000045000000460000004700000048000000490000004a0000004b0000004c0000004d0000004e0000004f000000500000005100000052000000530000005400000055000000560000005700000058000000590000005a0000005b0000005c0000005d0000005e0000005f00000060000000610000006200000063000000640000006500000066000000feffffff6800000069000000feffffffffffffffffffffffffffffffffffffffffffffffffffffffffffffffffffffffffffffffffffffffffffffffffffffffffffffffffffffffffffffffffffffffffffffffffffffffffffffffffffffffffffffffffffffff52006f006f007400200045006e00740072007900000000000000000000000000000000000000000000000000000000000000000000000000000000000000000016000500ffffffffffffffff020000000000000000000000000000000000000000000000000000000000000020c39e5cf397d0014100000080070000000000006600000000000000000000000000000000000000000000000000000000000000000000000000000000000000000000000000000000000000000000000000000004000201ffffffffffffffffffffffff0000000000000000000000000000000000000000000000000000000000000000000000000200000032200000000000006f000000000000000000000000000000000000000000000000000000000000000000000000000000000000000000000000000000000000000000000000000000040002010100000004000000ffffffff00000000000000000000000000000000000000000000000000000000000000000000000013000000df59000000000000010043006f006d0070004f0062006a0000000000000000000000000000000000000000000000000000000000000000000000000000000000000000000000000012000201ffffffffffffffffffffffff000000000000000000000000000000000000000000000000000000000000000000000000000000005f00000000000000000434000a1e500c05000080640000000f00ffff4b00000064000000007d0000d4940000eb56000079e30000c88f00006adeffff26f2ffffde805b10f195d011b0a000aa00bdcb5c000008003000000000020000030000003c006b0000000900000000000000d9e6b0e91c81d011ad5100a0c90f5739f43b7f847f61c74385352986e1d552f8a0327db2d86295428d98273c25a2da2d00002800430000000000000053444dd2011fd1118e63006097d2df4834c9d2777977d811907000065b840d9c00002800430000000000000051444dd2011fd1118e63006097d2df4834c9d2777977d811907000065b840d9c600000003c1f000000e0010000003400a50900000700008001000000a8020000008000000b000080536368477269640038e6ffff7cfcffff74626c417274696b656c730000003400a50900000700008003000000a4020000008000000900008053636847726964008c5500004038000074626c4576656e747300000000003000a50900000700008004000000a202000000800000080000805363684772696400267f0000a848000074626c466f746f7300003800a50900000700008005000000ac020000008000000d000080536368477269647306180000100e000074626c4765627275696b65727307000000003400a50900000700008006000000aa020000008000000c0000805363684772696400f65400008403000074626c50726f6a656374656e00003400a50900000700008007000000a8020000008000000b000080536368477269640098850000be23000074626c52656163746965730000003400a50900000700008008000000a402000000800000090000805363684772696400be6e00007cfcffff74626c53746564656e00000000003800a50900000700008009000000ac020000008000000d000080536368477269640090e8ffff483f000074626c5a6f656b6572746a657306000000008400a5090000070000800a00000062000000018000005b000080436f6e74726f6c0011f8ffff3d48000052656c6174696f6e736869702027464b5f74626c5a6f656b6572746a65735f74626c43617465676f726965656e27206265747765656e202774626c43617465676f726965656e2720616e64202774626c5a6f656b6572746a6573270000002800b5010000070000800b000000310000007100000002800000436f6e74726f6c00feffffff394d000000003800a50900000700008002000000ae020000008000000e0000805363684772696400080700005046000074626c43617465676f726965656e000000008000a5090000070000800e000000620000000180000057000080436f6e74726f6c00caf3ffff950c000052656c6174696f6e736869702027464b5f74626c417274696b656c735f74626c43617465676f726965656e27206265747765656e202774626c43617465676f726965656e2720616e64202774626c417274696b656c73270000002800b5010000070000800f000000310000006d00000002800000436f6e74726f6c7301fcffff4627000000008400a50900000700008010000000620000000180000059000080436f6e74726f6c0054140000291e000052656c6174696f6e736869702027464b5f74626c50726f6a656374656e5f74626c43617465676f726965656e27206265747765656e202774626c43617465676f726965656e2720616e64202774626c50726f6a656374656e2700000000002800b50100000700008011000000310000006f00000002800000436f6e74726f6c0080150000194b000000007c00a50900000700008012000000620000000180000053000080436f6e74726f6c0054140000d348000052656c6174696f6e736869702027464b5f74626c4576656e74735f74626c43617465676f726965656e27206265747765656e202774626c43617465676f726965656e2720616e64202774626c4576656e7473276500002800b50100000700008013000000310000006900000002800000436f6e74726f6c001d1b00000f55000000008000a50900000700008014000000620000000180000057000080436f6e74726f6c00ce2700009310000052656c6174696f6e736869702027464b5f74626c50726f6a656374656e5f74626c4765627275696b65727327206265747765656e202774626c4765627275696b6572732720616e64202774626c50726f6a656374656e270000002800b50100000700008015000000310000006d00000002800000436f6e74726f6c006b340000451b000000008000a50900000700008016000000620000000180000055000080436f6e74726f6c73caf3ffff3d0a000052656c6174696f6e736869702027464b5f74626c417274696b656c735f74626c4765627275696b65727327206265747765656e202774626c4765627275696b6572732720616e64202774626c417274696b656c732700000000002800b50100000700008017000000310000006b00000002800000436f6e74726f6c00de0000002310000000008400a50900000700008018000000620000000180000059000080436f6e74726f6c0011f8ffff9310000052656c6174696f6e736869702027464b5f74626c5a6f656b6572746a65735f74626c4765627275696b65727327206265747765656e202774626c4765627275696b6572732720616e64202774626c5a6f656b6572746a65732773270000002800b50100000700008019000000310000006f00000002800000436f6e74726f6c00c5ecffff5935000000007c00a5090000070000801a000000620000000180000051000080436f6e74726f6c00ce2700009310000052656c6174696f6e736869702027464b5f74626c4576656e74735f74626c4765627275696b65727327206265747765656e202774626c4765627275696b6572732720616e64202774626c4576656e74732765637400002800b5010000070000801b000000310000006700000002800000436f6e74726f6c00171c00007f4b000000007800a5090000070000801c00000062000000018000004f000080436f6e74726f6c0042620000fffeffff52656c6174696f6e736869702027464b5f74626c50726f6a656374656e5f74626c53746564656e27206265747765656e202774626c53746564656e2720616e64202774626c50726f6a656374656e270000002800b5010000070000801d000000310000006500000002800000436f6e74726f6c006e6300007b12000000007400a5090000070000801e000000620000000180000049000080436f6e74726f6c00d8620000fffeffff52656c6174696f6e736869702027464b5f74626c4576656e74735f74626c53746564656e27206265747765656e202774626c53746564656e2720616e64202774626c4576656e74732765637400002800b5010000070000801f000000310000005f00000002800000436f6e74726f6c732d5c00004521000000007c00a50900000700008020000000620000000180000051000080436f6e74726f6c00ce270000fffeffff52656c6174696f6e736869702027464b5f74626c4765627275696b6572735f74626c53746564656e27206265747765656e202774626c53746564656e2720616e64202774626c4765627275696b6572732765637400002800b50100000700008021000000310000006700000002800000436f6e74726f6c007d3600008ffeffff00003c00a50900000700008022000000b602000000800000120000805363684772696473ee020000dc05000074626c50726f6a656374417274696b656c73000000008800a5090000070000802400000062000000018000005f000080436f6e74726f6c00caf3ffff95ffffff52656c6174696f6e736869702027464b5f74626c50726f6a656374417274696b656c735f74626c417274696b656c7327206265747765656e202774626c417274696b656c732720616e64202774626c50726f6a656374417274696b656c73270000002800b50100000700008025000000310000007500000002800000436f6e74726f6c008001000041ffffff00008c00a50900000700008026000000620000000180000061000080436f6e74726f6c00391400000706000052656c6174696f6e736869702027464b5f74626c50726f6a656374417274696b656c735f74626c50726f6a656374656e27206265747765656e202774626c50726f6a656374656e2720616e64202774626c50726f6a656374417274696b656c732700000000002800b50100000700008027000000310000007700000002800000436f6e74726f6c00bc2b00008508000000003c00a50900000700008028000000ba020000008000001400008053636847726964006c3900003c0f000074626c50726f6a6563744765627275696b65727300009000a50900000700008029000000620000000180000067000080436f6e74726f6c73ce2700009310000052656c6174696f6e736869702027464b5f74626c50726f6a6563744765627275696b6572735f74626c4765627275696b65727327206265747765656e202774626c4765627275696b6572732720616e64202774626c50726f6a6563744765627275696b657273270000002800b5010000070000802a000000310000007d00000002800000436f6e74726f6c006d2a00003d14000000009000a5090000070000802b000000620000000180000065000080436f6e74726f6c005f4800000706000052656c6174696f6e736869702027464b5f74626c50726f6a6563744765627275696b6572735f74626c50726f6a656374656e27206265747765656e202774626c50726f6a656374656e2720616e64202774626c50726f6a6563744765627275696b6572732773270000002800b5010000070000802c000000310000007b00000002800000436f6e74726f6c00683a0000730b000000003c00a5090000070000802d000000ba02000000800000140000805363684772696400fae7ffff4a2e000074626c50726f6a6563745a6f656b6572746a657300009000a5090000070000802e000000620000000180000067000080436f6e74726f6c7342e2ffffd733000052656c6174696f6e736869702027464b5f74626c50726f6a6563745a6f656b6572746a65735f74626c5a6f656b6572746a657327206265747765656e202774626c5a6f656b6572746a65732720616e64202774626c50726f6a6563745a6f656b6572746a6573270000002800b5010000070000802f000000310000007d00000002800000436f6e74726f6c001de4ffff343c000000009000a50900000700008030000000620000000180000065000080436f6e74726f6c73edf6ffff0706000052656c6174696f6e736869702027464b5f74626c50726f6a6563745a6f656b6572746a65735f74626c50726f6a656374656e27206265747765656e202774626c50726f6a656374656e2720616e64202774626c50726f6a6563745a6f656b6572746a65732773270000002800b50100000700008031000000310000007b00000002800000436f6e74726f6c00d1370000c72f000000003800a50900000700008032000000b202000000800000100000805363684772696473f65400004227000074626c50726f6a6563744576656e747300008800a5090000070000803300000062000000018000005d000080436f6e74726f6c00004e00000706000052656c6174696f6e736869702027464b5f74626c50726f6a6563744576656e74735f74626c50726f6a656374656e27206265747765656e202774626c50726f6a656374656e2720616e64202774626c50726f6a6563744576656e74732703000000002800b50100000700008034000000310000007300000002800000436f6e74726f6c005a3c00001c19000000008000a50900000700008035000000620000000180000057000080436f6e74726f6c732c510000cf2c000052656c6174696f6e736869702027464b5f74626c50726f6a6563744576656e74735f74626c4576656e747327206265747765656e202774626c4576656e74732720616e64202774626c50726f6a6563744576656e7473270000002800b50100000700008036000000310000006d00000002800000436f6e74726f6c0007530000e234000000003c00a50900000700008037000000b60200000080000012000080536368477269648902850000d20f000074626c50726f6a6563745265616374696573000000008800a5090000070000803800000062000000018000005f000080436f6e74726f6c00e49200005f15000052656c6174696f6e736869702027464b5f74626c50726f6a65637452656163746965735f74626c526561637469657327206265747765656e202774626c52656163746965732720616e64202774626c50726f6a6563745265616374696573270000002800b50100000700008039000000310000007500000002800000436f6e74726f6c00759800004b1f000000008c00a5090000070000803a000000720000000180000061000080436f6e74726f6c00044e00000706000052656c6174696f6e736869702027464b5f74626c50726f6a65637452656163746965735f74626c50726f6a656374656e27206265747765656e202774626c50726f6a656374656e2720616e64202774626c50726f6a6563745265616374696573276a657300002800b5010000070000803b000000310000007700000002800000436f6e74726f6c0031570000c622000000003800a5090000070000803c000000b0020000008000000f0000805363684772696400bc7f0000aa37000074626c50726f6a656374466f746f730000008400a5090000070000803d00000072000000018000005b000080436f6e74726f6c001c4e00000706000052656c6174696f6e736869702027464b5f74626c50726f6a656374466f746f735f74626c50726f6a656374656e27206265747765656e202774626c50726f6a656374656e2720616e64202774626c50726f6a656374466f746f73270000002800b5010000070000803e000000310000007100000002800000436f6e74726f6c734d4f00009925000000007c00a5090000070000803f000000620000000180000053000080436f6e74726f6c00728c0000a13c000052656c6174696f6e736869702027464b5f74626c50726f6a656374466f746f735f74626c466f746f7327206265747765656e202774626c466f746f732720616e64202774626c50726f6a656374466f746f73277300002800b50100000700008040000000310000006900000002800000436f6e74726f6c00609300001446000000003c00a50900000700008041000000ba02000000800000140000805363684772696400fa3200005235000074626c5a6f656b6572746a65526561637469657300003c00a50900000700008042000000b402000000800000110000805363684772696400bc3400006243000074626c5a6f656b6572746a65466f746f7373000000008c00a50900000700008043000000620000000180000061000080436f6e74726f6c7311f8ffffcb41000052656c6174696f6e736869702027464b5f74626c5a6f656b6572746a65466f746f735f74626c5a6f656b6572746a657327206265747765656e202774626c5a6f656b6572746a65732720616e64202774626c5a6f656b6572746a65466f746f73276a657300002800b50100000700008044000000310000007700000002800000436f6e74726f6c00330600001144000000009000a50900000700008045000000620000000180000067000080436f6e74726f6c0011f8fffff137000052656c6174696f6e736869702027464b5f74626c5a6f656b6572746a6552656163746965735f74626c5a6f656b6572746a657327206265747765656e202774626c5a6f656b6572746a65732720616e64202774626c5a6f656b6572746a655265616374696573270000002800b50100000700008046000000310000007d00000002800000436f6e74726f6c00951b00001144000000008c00a50900000700008047000000720000000180000063000080436f6e74726f6c0022440000d726000052656c6174696f6e736869702027464b5f74626c5a6f656b6572746a6552656163746965735f74626c526561637469657327206265747765656e202774626c52656163746965732720616e64202774626c5a6f656b6572746a655265616374696573276900002800b50100000700008048000000310000007900000002800000436f6e74726f6c00795500006e33000000008000a50900000700008049000000720000000180000057000080436f6e74726f6c00b0430000ef48000052656c6174696f6e736869702027464b5f74626c5a6f656b6572746a65466f746f735f74626c466f746f7327206265747765656e202774626c466f746f732720616e64202774626c5a6f656b6572746a65466f746f73270000002800b5010000070000804a000000310000006d00000002800000436f6e74726f6c73fa5800007256000000003c00a5090000070000804b000000b6020000008000001200008053636847726964008a1b00003efeffff74626c417274696b656c5265616374696573000000003800a5090000070000804c000000b0020000008000000f0000805363684772696400720600008ef9ffff74626c417274696b656c466f746f730000008400a5090000070000804d000000620000000180000059000080436f6e74726f6c73caf3ffffc3fcffff52656c6174696f6e736869702027464b5f74626c417274696b656c466f746f735f74626c417274696b656c7327206265747765656e202774626c417274696b656c732720616e64202774626c417274696b656c466f746f732700000000002800b5010000070000804e000000310000006f00000002800000436f6e74726f6c730af1ffff25ffffff00008800a5090000070000804f00000062000000018000005f000080436f6e74726f6c00caf3ffff95ffffff52656c6174696f6e736869702027464b5f74626c417274696b656c52656163746965735f74626c417274696b656c7327206265747765656e202774626c417274696b656c732720616e64202774626c417274696b656c5265616374696573270000002800b50100000700008050000000310000007500000002800000436f6e74726f6c00f6f4ffff25ffffff00007c00a50900000700008051000000720000000180000053000080436f6e74726f6c006515000033f7ffff52656c6174696f6e736869702027464b5f74626c417274696b656c466f746f735f74626c466f746f7327206265747765656e202774626c466f746f732720616e64202774626c417274696b656c466f746f73276e00002800b50100000700008052000000310000006900000002800000436f6e74726f6c736981000058f6ffff00008800a5090000070000805300000072000000018000005f000080436f6e74726f6c007e2a00007ef9ffff52656c6174696f6e736869702027464b5f74626c417274696b656c52656163746965735f74626c526561637469657327206265747765656e202774626c52656163746965732720616e64202774626c417274696b656c5265616374696573270000002800b50100000700008054000000310000007500000002800000436f6e74726f6c00726f0000a3f8ffff00003c00a50900000700008056000000b60200000080000012000080536368477269640014370000be23000074626c4576656e744765627275696b6572732e0000008c00a50900000700008057000000620000000180000063000080436f6e74726f6c00ce2700009310000052656c6174696f6e736869702027464b5f74626c4576656e744765627275696b6572735f74626c4765627275696b65727327206265747765656e202774626c4765627275696b6572732720616e64202774626c4576656e744765627275696b657273276900002800b50100000700008058000000310000007900000002800000436f6e74726f6c002b2c0000f620000000008400a5090000070000805900000062000000018000005b000080436f6e74726f6c73074600005d26000052656c6174696f6e736869702027464b5f74626c4576656e744765627275696b6572735f74626c4576656e747327206265747765656e202774626c4576656e74732720616e64202774626c4576656e744765627275696b657273277300002800b5010000070000805a000000310000007100000002800000436f6e74726f6c0087430000533a000000003800a5090000070000805b000000b2020000008000001000008053636847726964004c680000e646000074626c4576656e74526561637469657300008400a5090000070000805c00000062000000018000005b000080436f6e74726f6c00f0770000d726000052656c6174696f6e736869702027464b5f74626c4576656e7452656163746965735f74626c526561637469657327206265747765656e202774626c52656163746965732720616e64202774626c4576656e745265616374696573270000002800b5010000070000805d000000310000007100000002800000436f6e74726f6c004b680000312c000000008000a5090000070000805e000000620000000180000057000080436f6e74726f6c00d8620000c33a000052656c6174696f6e736869702027464b5f74626c4576656e7452656163746965735f74626c4576656e747327206265747765656e202774626c4576656e74732720616e64202774626c4576656e745265616374696573270000002800b5010000070000805f000000310000006d00000002800000436f6e74726f6c008c660000f141000000003800a50900000700008060000000ac020000008000000d0000805363684772696400267f00002256000074626c4576656e74466f746f7306000000007800a5090000070000806100000062000000018000004f000080436f6e74726f6c00728c00002b4b000052656c6174696f6e736869702027464b5f74626c4576656e74466f746f735f74626c466f746f7327206265747765656e202774626c466f746f732720616e64202774626c4576656e74466f746f73270000002800b50100000700008062000000310000006500000002800000436f6e74726f6c009b9300004053000000007c00a50900000700008063000000620000000180000051000080436f6e74726f6c73d8620000c33a000052656c6174696f6e736869702027464b5f74626c4576656e74466f746f735f74626c4576656e747327206265747765656e202774626c4576656e74732720616e64202774626c4576656e74466f746f732763746900002800b50100000700008064000000310000006700000002800000436f6e74726f6c003a5e0000815b00000000000000000000000000000000000000000000000000000000000000000000000000000000000000000000000000000000000000000000000000000000000000000000000000000000000000000000000000000000000000000000000000000000000000000000000000000000000000000000000000000000000000000000000000000000000000000000000000000000000000000000000000000000000000000000000000000000000000000000000000000000000000000000000000000000000000000000000000000000000000000000000000000000000000000000000000000000000000000000000000000000000000000000000000000000000000000000000000000000000000000000000000000000000000000000000000000000000000000000000000000000000000000000000000000000000000000000000000000000000000000000000000000000000000000000000000000000000000000000000000000000000000000000000000000000000000000000000000000000000000000000000000000000000000000000000000000000000000000000000000000000000000000000000000000000000000000000000000000000000000000000000000000000000000002143341208000000be0e000042140000785634120700000014010000740062006c0041007200740069006b0065006c007300000069006f006e003d0032002e0030002e0030002e0030002c002000430075006c0074007500720065003d006e00650075007400720061006c002c0020005000750062006c00690063004b006500790054006f006b0065006e003d0062003700370061003500630035003600310039003300340065003000380039000000000000000000000000000000000000000000000000000000000000000000000000000000000000000000000000000000000000000000000000000000000000000000000000000000000000000000000000000000000000000000000000000000000000000100000005000000540000002c0000002c0000002c000000340000000000000000000000a72900007f180000000000002d010000080000000c000000070000001c010000f708000053070000670200000c0300001c020000dd04000092040000c102000092040000cd050000fc0300000000000001000000be0e00004214000000000000060000000600000002000000020000001c010000fa0500000000000001000000f21300004e06000000000000010000000100000002000000020000001c010000f70800000100000000000000f21300000804000000000000000000000000000002000000020000001c010000f7080000000000000000000055320000dd23000000000000000000000d00000004000000040000001c010000f70800009b0a00008106000078563412040000006000000001000000010000000b000000000000000100000002000000030000000400000005000000060000000700000008000000090000000a00000004000000640062006f0000000c000000740062006c0041007200740069006b0065006c00730000002143341208000000780e0000751e0000785634120700000014010000740062006c004500760065006e007400730000000000000000000000050000000100000000000000000000000000000000000000060000000a000000000000000000000000000000000000000000000001000000030000000000000000000000000000000000000000000000010000000100000000000000000000000000000000000000000000000000000000000000000000000000000000000000b01cd675845ef612845ef612000000000000000000000000040000000000000000000000010000000300000000000000b85ef6120500000000000000c85ef612feffffffa20000000c000000020000000100000000000000000000000100000005000000540000002c0000002c0000002c000000340000000000000000000000a729000097210000000000002d0100000c0000000c000000070000001c010000f708000053070000670200000c0300001c020000dd04000092040000c102000092040000cd050000fc0300000000000001000000780e0000751e0000000000000a0000000a00000002000000020000001c010000dc0500000000000001000000f21300004e06000000000000010000000100000002000000020000001c010000f70800000100000000000000f21300000804000000000000000000000000000002000000020000001c010000f7080000000000000000000055320000dd23000000000000000000000d00000004000000040000001c010000f70800009b0a00008106000078563412040000005c00000001000000010000000b000000000000000100000002000000030000000400000005000000060000000700000008000000090000000a00000004000000640062006f0000000a000000740062006c004500760065006e007400730000002143341208000000780e0000c8090000785634120700000014010000740062006c0046006f0074006f007300000000000000000000788c4000000000000010400100000000000000000000000e000000050000001801000000000000000000000000000000000000f800000000000000050000000000000000000000020000000000000000788c4000000000000000000000000000788c400000000000000040040000002000000030000000000000000000000000688c4000000000000010400000000000000040000000000000004000000000000000000100000000000000050000000000000040000000010000000000000000000040000000000000104004000000200000002000000000000000000000000100000005000000540000002c0000002c0000002c000000340000000000000000000000a729000039160000000000002d010000070000000c000000070000001c010000f708000053070000670200000c0300001c020000dd04000092040000c102000092040000cd050000fc0300000000000001000000780e0000c809000000000000020000000200000002000000020000001c010000dc0500000000000001000000f21300004e06000000000000010000000100000002000000020000001c010000f70800000100000000000000f21300000804000000000000000000000000000002000000020000001c010000f7080000000000000000000055320000dd23000000000000000000000d00000004000000040000001c010000f70800009b0a00008106000078563412040000005a00000001000000010000000b000000000000000100000002000000030000000400000005000000060000000700000008000000090000000a00000004000000640062006f00000009000000740062006c0046006f0074006f00730000002143341208000000f4100000ef200000785634120700000014010000740062006c004700650062007200750069006b0065007200730000006e0061006d0065002c002000760061006c00750065002000460052004f004d0020007300790073002e0065007800740065006e006400650064005f00700072006f0070006500720074006900650073002000570048004500520045002000280063006c0061007300730020003d00200031002900200041004e004400200028006d0061006a006f0072005f006900640020003d0020004f0042004a004500430054005f004900440028004e0027005b00640062006f005d002e005b00740062006c0046006f0074006f0073005d0027002900000000000000000000000100000005000000540000002c0000002c0000002c000000340000000000000000000000a7290000dd230000000000002d0100000d0000000c000000070000001c010000f708000053070000670200000c0300001c020000dd04000092040000c102000092040000cd050000fc0300000000000001000000f4100000ef200000000000000b0000000b00000002000000020000001c010000440700000000000001000000f21300004e06000000000000010000000100000002000000020000001c010000f70800000100000000000000f21300000804000000000000000000000000000002000000020000001c010000f7080000000000000000000055320000dd23000000000000000000000d00000004000000040000001c010000f70800009b0a00008106000078563412040000006400000001000000010000000b000000000000000100000002000000030000000400000005000000060000000700000008000000090000000a00000004000000640062006f0000000e000000740062006c004700650062007200750069006b0065007200730000002143341208000000780e0000de1e0000785634120700000014010000740062006c00500072006f006a0065006300740065006e00000000002c002000430075006c0074007500720065003d006e00650075007400720061006c002c0020005000750062006c00690063004b006500790054006f006b0065006e003d0062003000330066003500660037006600310031006400350030006100330061000000000000000000000000000000000000000000000000000000000000000000000000000000000000000000000000000000000000000000000000000000000000000000000000000000000000000000000000000000000000000000000000000000000000000000000000000000000000000000000000000100000005000000540000002c0000002c0000002c000000340000000000000000000000a729000097210000000000002d0100000c0000000c000000070000001c010000f708000053070000670200000c0300001c020000dd04000092040000c102000092040000cd050000fc0300000000000001000000780e0000de1e0000000000000a0000000a00000002000000020000001c010000dc0500000000000001000000f21300004e06000000000000010000000100000002000000020000001c010000f70800000100000000000000f21300000804000000000000000000000000000002000000020000001c010000f7080000000000000000000055320000dd23000000000000000000000d00000004000000040000001c010000f70800009b0a00008106000078563412040000006200000001000000010000000b000000000000000100000002000000030000000400000005000000060000000700000008000000090000000a00000004000000640062006f0000000d000000740062006c00500072006f006a0065006300740065006e0000002143341208000000780e0000ea0f0000785634120700000014010000740062006c005200650061006300740069006500730000002000460049004c00450053002000280058003800360029005c004d004900430052004f0053004f00460054002000560049005300550041004c002000530054005500440049004f002000310030002e0030005c0043004f004d004d004f004e0037005c004900440045005c0043004f004d004d004f004e0045005800540045004e00530049004f004e0053005c004400410054004100440045005300490047004e005c006e006c002d004e004c005c004d006900630072006f0073006f00660074002e004e006500740045006e007400650072007000000000000000000000000100000005000000540000002c0000002c0000002c000000340000000000000000000000a729000039160000000000002d010000070000000c000000070000001c010000f708000053070000670200000c0300001c020000dd04000092040000c102000092040000cd050000fc0300000000000001000000780e0000ea0f000000000000040000000400000002000000020000001c010000dc0500000000000001000000f21300004e06000000000000010000000100000002000000020000001c010000f70800000100000000000000f21300000804000000000000000000000000000002000000020000001c010000f7080000000000000000000055320000dd23000000000000000000000d00000004000000040000001c010000f70800009b0a00008106000078563412040000006000000001000000010000000b000000000000000100000002000000030000000400000005000000060000000700000008000000090000000a00000004000000640062006f0000000c000000740062006c005200650061006300740069006500730000002143341208000000790e0000e30b0000785634120700000014010000740062006c00530074006500640065006e00000041004d002000460049004c00450053002000280058003800360029005c004d004900430052004f0053004f00460054002000560049005300550041004c002000530054005500440049004f002000310030002e0030005c0043004f004d004d004f004e0037005c004900440045005c0043004f004d004d004f004e0045005800540045004e00530049004f004e0053005c004400410054004100440045005300490047004e005c006e006c002d004e004c005c004d006900630072006f0073006f00660074002e004e006500740045006e007400650072007000000000000000000000000100000005000000540000002c0000002c0000002c000000340000000000000000000000a729000039160000000000002d010000070000000c000000070000001c010000f708000053070000670200000c0300001c020000dd04000092040000c102000092040000cd050000fc0300000000000001000000790e0000e30b000000000000030000000300000002000000020000001c010000dc0500000000000001000000f21300004e06000000000000010000000100000002000000020000001c010000f70800000100000000000000f21300000804000000000000000000000000000002000000020000001c010000f7080000000000000000000055320000dd23000000000000000000000d00000004000000040000001c010000f70800009b0a00008106000078563412040000005c00000001000000010000000b000000000000000100000002000000030000000400000005000000060000000700000008000000090000000a00000004000000640062006f0000000a000000740062006c00530074006500640065006e0000002143341208000000ad100000fb130000785634120700000014010000740062006c005a006f0065006b006500720074006a0065007300000000000000000000000000000000000000000000000000000080d61901000000000000000000000000ffffffffffffffff000000000000000000000000000000000000000000000000000000000000000000000000000000000000000000000000c68aed19a23f1644b2fdb1c32e6b65e30000000000000000000000000000000000000000000000000000000000000000000000000000000000000000000000000000000000000000000000000000000000000000000000000000000000000000000000000000000000000000000000000000000000000000000000000100000005000000540000002c0000002c0000002c000000340000000000000000000000a72900007f180000000000002d010000080000000c000000070000001c010000f708000053070000670200000c0300001c020000dd04000092040000c102000092040000cd050000fc0300000000000001000000ad100000fb13000000000000060000000600000002000000020000001c010000080700000000000001000000f21300004e06000000000000010000000100000002000000020000001c010000f70800000100000000000000f21300000804000000000000000000000000000002000000020000001c010000f7080000000000000000000055320000dd23000000000000000000000d00000004000000040000001c010000f70800009b0a00008106000078563412040000006400000001000000010000000b000000000000000100000002000000030000000400000005000000060000000700000008000000090000000a00000004000000640062006f0000000e000000740062006c005a006f0065006b006500720074006a0065007300000004000b0008070000d44900004fffffffd44900004fffffffdc5000003df9ffffdc5000000000000002000000f0f0f00000000000000000000000000000000000010000000b00000000000000feffffff394d0000cc1100005801000032000000010000020000cc11000058010000020000000000050000800800008001000000150001000000900144420100065461686f6d611f0046004b005f00740062006c005a006f0065006b006500720074006a00650073005f00740062006c00430061007400650067006f0072006900650065006e002143341208000000780e00005f090000785634120700000014010000740062006c00430061007400650067006f0072006900650065006e00000000000100000000000000000000000000000000000000060000000a000000000000000000000000000000000000000000000001000000030000000000000000000000000000000000000000000000010000000100000000000000000000000000000000000000000000000000000000000000000000000000000000000000b01cd6755c75f6125c75f6120000003600000000000000000400000000000000000000000100000003000000000000009075f61269633b4300000000a075f612feffffff6c6573200c000000020000000100000000000000000000000100000005000000540000002c0000002c0000002c000000340000000000000000000000a729000039160000000000002d010000070000000c000000070000001c010000f708000053070000670200000c0300001c020000dd04000092040000c102000092040000cd050000fc0300000000000001000000780e00005f09000000000000020000000200000002000000020000001c010000dc0500000000000001000000f21300004e06000000000000010000000100000002000000020000001c010000f70800000100000000000000f21300000804000000000000000000000000000002000000020000001c010000f7080000000000000000000055320000dd23000000000000000000000d00000004000000040000001c010000f70800009b0a00008106000078563412040000006600000001000000010000000b000000000000000100000002000000030000000400000005000000060000000700000008000000090000000a00000004000000640062006f0000000f000000740062006c00430061007400650067006f0072006900650065006e00000004000b0008070000d449000052fbffffd449000052fbffff100e0000f6f4ffff100e00000000000002000000f0f0f00000000000000000000000000000000000010000000f0000000000000001fcffff46270000ff0f00005801000039000000010000020000ff0f000058010000020000000000050000800800008001000000150001000000900144420100065461686f6d611d0046004b005f00740062006c0041007200740069006b0065006c0073005f00740062006c00430061007400650067006f0072006900650065006e0004000b00801500006a4a00009c2f00006a4a00009c2f0000a41f0000f6540000a41f00000000000002000000f0f0f0000000000000000000000000000000000001000000110000000000000080150000194b00003c11000058010000000000000100000200003c11000058010000020000000000050000800800008001000000150001000000900144420100065461686f6d611e0046004b005f00740062006c00500072006f006a0065006300740065006e005f00740062006c00430061007400650067006f0072006900650065006e0004000b00801500006a4a0000ad1800006a4a0000ad180000605400008c550000605400000000000002000000f0f0f000000000000000000000000000000000000100000013000000000000001d1b00000f550000c50f0000580100002b000000010000020000c50f000058010000020000000000050000800800008001000000150001000000900144420100065461686f6d611b0046004b005f00740062006c004500760065006e00740073005f00740062006c00430061007400650067006f0072006900650065006e0004000b00fa2800002a120000a52b00002a120000a52b00004c1d0000f65400004c1d00000000000002000000f0f0f000000000000000000000000000000000000100000015000000000000006b340000451b00005510000058010000320000000100000200005510000058010000020000000000050000800800008001000000150001000000900144420100065461686f6d611d0046004b005f00740062006c00500072006f006a0065006300740065006e005f00740062006c004700650062007200750069006b0065007200730004000b00061800002a1200003afeffff2a1200003afeffffb80b0000f6f4ffffb80b00000000000002000000f0f0f00000000000000000000000000000000000010000001700000000000000de00000023100000180f00005801000032000000010000020000180f000058010000020000000000050000800800008001000000150001000000900144420100065461686f6d611c0046004b005f00740062006c0041007200740069006b0065006c0073005f00740062006c004700650062007200750069006b0065007200730004000b00061800002a1200005afeffff2a1200005afeffff844e00003df9ffff844e00000000000002000000f0f0f00000000000000000000000000000000000010000001900000000000000c5ecffff59350000e61000005801000045000000010000020000e610000058010000020000000000050000800800008001000000150001000000900144420100065461686f6d611e0046004b005f00740062006c005a006f0065006b006500720074006a00650073005f00740062006c004700650062007200750069006b0065007200730004000b00fa2800002a120000a52b00002a120000a52b0000725100008c550000725100000000000002000000f0f0f00000000000000000000000000000000000010000001b00000000000000171c00007f4b0000df0e00005801000037000000010000020000df0e000058010000020000000000050000800800008001000000150001000000900144420100065461686f6d611a0046004b005f00740062006c004500760065006e00740073005f00740062006c004700650062007200750069006b0065007200730004000b00be6e000096000000cf69000096000000cf690000821400006e630000821400000000000002000000f0f0f00000000000000000000000000000000000010000001d000000000000006e6300007b1200006b0e000058010000640000000100000200006b0e000058010000020000000000050000800800008001000000150001000000900144420100065461686f6d61190046004b005f00740062006c00500072006f006a0065006300740065006e005f00740062006c00530074006500640065006e0004000b00be6e000096000000d069000096000000d06900002445000004640000244500000000000002000000f0f0f00000000000000000000000000000000000010000001f000000000000002d5c000045210000f40c00005801000032000000010000020000f40c000058010000020000000000050000800800008001000000150001000000900144420100065461686f6d61160046004b005f00740062006c004500760065006e00740073005f00740062006c00530074006500640065006e0004000b00be6e000096000000562f000096000000562f0000c8190000fa280000c81900000000000002000000f0f0f000000000000000000000000000000000000100000021000000000000007d3600008ffefffffb0e0000580100002b000000010000020000fb0e000058010000020000000000050000800800008001000000150001000000900144420100065461686f6d611a0046004b005f00740062006c004700650062007200750069006b006500720073005f00740062006c00530074006500640065006e002143341208000000771200005f090000785634120700000014010000740062006c00500072006f006a0065006300740041007200740069006b0065006c007300000073002c002000560065007200730069006f006e003d0034002e0030002e0030002e0030002c002000430075006c0074007500720065003d006e00650075007400720061006c002c0020005000750062006c00690063004b006500790054006f006b0065006e003d00620037003700610035006300350036003100390033003400650030003800390000000000000000000000000000000000000000000000000000000000000000000000000000000000000000000000000000000000000000000000000000000000000000000000000000000100000005000000540000002c0000002c0000002c000000340000000000000000000000bc1e0000f3100000000000002d0100000d0000000c000000070000001c010000730500001a040000670200000c0300001c0200007404000092040000c102000092040000cd050000fc0300000000000001000000771200005f09000000000000020000000200000002000000020000001c010000160800000000000001000000201000000804000000000000000000000000000002000000020000001c010000bd060000010000000000000020100000b803000000000000000000000000000002000000020000001c010000bd0600000000000000000000112700006124000000000000000000000d00000004000000040000001c010000bd060000f8070000dd04000078563412040000006e00000001000000010000000b000000000000000100000002000000030000000400000005000000060000000700000008000000090000000a00000004000000640062006f00000013000000740062006c00500072006f006a0065006300740041007200740069006b0065006c007300000004000b00f6f4ffff2c010000d10000002c010000d1000000220b0000ee020000220b00000000000002000000f0f0f000000000000000000000000000000000000100000025000000000000008001000041ffffff1f11000058010000320000000100000200001f11000058010000020000000000050000800800008001000000150001000000900144420100065461686f6d61210046004b005f00740062006c00500072006f006a0065006300740041007200740069006b0065006c0073005f00740062006c0041007200740069006b0065006c00730004000b00f65400009e070000744f00009e070000744f00008c0a0000651500008c0a00000000000002000000f0f0f00000000000000000000000000000000000010000002700000000000000bc2b0000850800005d12000058010000320000000100000200005d12000058010000020000000000050000800800008001000000150001000000900144420100065461686f6d61220046004b005f00740062006c00500072006f006a0065006300740041007200740069006b0065006c0073005f00740062006c00500072006f006a0065006300740065006e0021433412080000001f1000003b090000785634120700000014010000740062006c00500072006f006a006500630074004700650062007200750069006b00650072007300000000000000000000000000060000000a000000000000000000000000000000000000000000000001000000030000000000000000000000000000000000000000000000010000000100000000000000000000000000000000000000000000000000000000000000000000000000000000000000b01cd675944be512944be512000000000000000000000000040000000000000000000000010000000300000000000000c84be5120000000000000000d84be512feffffff000000000c000000020000000100000000000000000000000100000005000000540000002c0000002c0000002c0000003400000000000000000000008e20000061240000000000002d0100000d0000000c000000070000001c010000bd06000082050000670200000c0300001c020000a203000092040000c102000092040000cd050000fc03000000000000010000001f1000003b09000000000000020000000200000002000000020000001c010000cc0600000000000001000000201000000804000000000000000000000000000002000000020000001c010000bd0600000100000000000000201000000804000000000000000000000000000002000000020000001c010000bd0600000000000000000000112700006124000000000000000000000d00000004000000040000001c010000bd060000f8070000dd04000078563412040000007200000001000000010000000b000000000000000100000002000000030000000400000005000000060000000700000008000000090000000a00000004000000640062006f00000015000000740062006c00500072006f006a006500630074004700650062007200750069006b00650072007300000004000b00fa2800002a120000ae2b00002a120000ae2b0000441600006c390000441600000000000002000000f0f0f00000000000000000000000000000000000010000002a000000000000006d2a00003d140000ba1400005801000032000000010000020000ba14000058010000020000000000050000800800008001000000150001000000900144420100065461686f6d61250046004b005f00740062006c00500072006f006a006500630074004700650062007200750069006b006500720073005f00740062006c004700650062007200750069006b0065007200730004000b00f65400009e070000414f00009e070000414f0000561300008b490000561300000000000002000000f0f0f00000000000000000000000000000000000010000002c00000000000000683a0000730b00002a14000058010000320000000100000200002a14000058010000020000000000050000800800008001000000150001000000900144420100065461686f6d61240046004b005f00740062006c00500072006f006a006500630074004700650062007200750069006b006500720073005f00740062006c00500072006f006a0065006300740065006e0021433412080000001f10000082090000785634120700000014010000740062006c00500072006f006a006500630074005a006f0065006b006500720074006a0065007300000000000000000000000000000000000000000000000000000000000300000000000000000000000000000000000000000000000000000000000000000000000000000000000000000000000000000000000000000000000000000000000000000000000000000000000000000000000000000000000000000000000000000000000000000000000000000000000000000000000000000000000000000000000000000000000000000000000000000000000000000000000000000000000000000000000000000000000000000000000100000005000000540000002c0000002c0000002c0000003400000000000000000000008e20000061240000000000002d0100000d0000000c000000070000001c010000bd06000082050000670200000c0300001c020000a203000092040000c102000092040000cd050000fc03000000000000010000001f1000008209000000000000020000000200000002000000020000001c010000cc0600000000000001000000201000000804000000000000000000000000000002000000020000001c010000bd0600000100000000000000201000000804000000000000000000000000000002000000020000001c010000bd0600000000000000000000112700006124000000000000000000000d00000004000000040000001c010000bd060000f8070000dd04000078563412040000007200000001000000010000000b000000000000000100000002000000030000000400000005000000060000000700000008000000090000000a00000004000000640062006f00000015000000740062006c00500072006f006a006500630074005a006f0065006b006500720074006a0065007300000004000b0090e8fffff84300006ee3fffff84300006ee3ffff52350000fae7ffff523500000000000002000000f0f0f00000000000000000000000000000000000010000002f000000000000001de4ffff343c0000ba1400005801000032000000010000020000ba14000058010000020000000000050000800800008001000000150001000000900144420100065461686f6d61250046004b005f00740062006c00500072006f006a006500630074005a006f0065006b006500720074006a00650073005f00740062006c005a006f0065006b006500720074006a006500730004000b00f65400009e070000534f00009e070000534f0000ce31000019f8ffffce3100000000000002000000f0f0f00000000000000000000000000000000000010000003100000000000000d1370000c72f00002a14000058010000260000000100000200002a14000058010000020000000000050000800800008001000000150001000000900144420100065461686f6d61240046004b005f00740062006c00500072006f006a006500630074005a006f0065006b006500720074006a00650073005f00740062006c00500072006f006a0065006300740065006e0021433412080000002010000082090000785634120700000014010000740062006c00500072006f006a006500630074004500760065006e0074007300000072006d0073002c002000560065007200730069006f006e003d0034002e0030002e0030002e0030002c002000430075006c0074007500720065003d006e00650075007400720061006c002c0020005000750062006c00690063004b006500790054006f006b0065006e003d00620037003700610035006300350036003100390033003400650030003800390000000000000000000000000000000000000000000000000000000000000000000000000000000000000000000000000000000000000000000000000000000000000000000000000000000100000005000000540000002c0000002c0000002c0000003400000000000000000000008e20000061240000000000002d0100000d0000000c000000070000001c010000bd06000082050000670200000c0300001c020000a203000092040000c102000092040000cd050000fc0300000000000001000000201000008209000000000000020000000200000002000000020000001c010000cc0600000000000001000000201000000804000000000000000000000000000002000000020000001c010000bd0600000100000000000000201000000804000000000000000000000000000002000000020000001c010000bd0600000000000000000000112700006124000000000000000000000d00000004000000040000001c010000bd060000f8070000dd04000078563412040000006a00000001000000010000000b000000000000000100000002000000030000000400000005000000060000000700000008000000090000000a00000004000000640062006f00000011000000740062006c00500072006f006a006500630074004500760065006e0074007300000004000b00f65400009e0700002c4f00009e0700002c4f0000f22b0000f6540000f22b00000000000002000000f0f0f000000000000000000000000000000000000100000034000000000000005a3c00001c1900002312000058010000320000000100000200002312000058010000020000000000050000800800008001000000150001000000900144420100065461686f6d61200046004b005f00740062006c00500072006f006a006500630074004500760065006e00740073005f00740062006c00500072006f006a0065006300740065006e0004000b008c5500005a3c0000585200005a3c0000585200004a2e0000f65400004a2e00000000000002000000f0f0f0000000000000000000000000000000000001000000360000000000000007530000e2340000ac1000005801000032000000010000020000ac10000058010000020000000000050000800800008001000000150001000000900144420100065461686f6d611d0046004b005f00740062006c00500072006f006a006500630074004500760065006e00740073005f00740062006c004500760065006e007400730021433412080000001f1000005f090000785634120700000014010000740062006c00500072006f006a00650063007400520065006100630074006900650073000000000000000000d800000003000000010000000001000000000000446174615f5053004d756c7469706c7952616469616c4772616469656e7443656e74657265645f5053315f436f6e7374616e745461626c6500666c48616c66546578656c53697a654e6f726d616c697a656400ab000003000100010001000000000000007d00000098000000050000000100010001000100a80000004c000000b0000000050000000100010001000100c00000004d756c7469706c7952616469616c4772616469656e7443656e74000000000000000000000100000005000000540000002c0000002c0000002c0000003400000000000000000000008e20000061240000000000002d0100000d0000000c000000070000001c010000bd06000082050000670200000c0300001c020000a203000092040000c102000092040000cd050000fc03000000000000010000001f1000005f09000000000000020000000200000002000000020000001c010000cc0600000000000001000000201000000804000000000000000000000000000002000000020000001c010000bd0600000100000000000000201000000804000000000000000000000000000002000000020000001c010000bd0600000000000000000000112700006124000000000000000000000d00000004000000040000001c010000bd060000f8070000dd04000078563412040000006e00000001000000010000000b000000000000000100000002000000030000000400000005000000060000000700000008000000090000000a00000004000000640062006f00000013000000740062006c00500072006f006a0065006300740052006500610063007400690065007300000004000b0010940000d8270000c6970000d8270000c6970000da16000021950000da1600000000000002000000f0f0f00000000000000000000000000000000000010000003900000000000000759800004b1f00007912000058010000320000000100000200007912000058010000020000000000050000800800008001000000150001000000900144420100065461686f6d61210046004b005f00740062006c00500072006f006a00650063007400520065006100630074006900650073005f00740062006c005200650061006300740069006500730006000b00f65400009e070000304f00009e070000304f0000cd24000063720000cd240000637200008214000002850000821400000000000002000000f0f0f00000000000000000000000000000000000010000003b0000000000000031570000c62200000913000058010000320000000100000200000913000058010000020000000000050000800800008001000000150001000000900144420100065461686f6d61220046004b005f00740062006c00500072006f006a00650063007400520065006100630074006900650073005f00740062006c00500072006f006a0065006300740065006e002143341208000000201000005f090000785634120700000014010000740062006c00500072006f006a0065006300740046006f0074006f00730000000000000000000000000000000000000000000000000000000000000000000000000000000300000000000000000000000000000000000000000000000000000000000000000000000000000000000000000000000000000000000000000000000000000000000000000000000000000000000000000000000000000000000000000000000000000000000000000000000000000000000000000000000000000000000000000000000000000000000000000000000000000000000000000000000000000000000000000000000000000000000000000000000100000005000000540000002c0000002c0000002c0000003400000000000000000000008e20000061240000000000002d0100000d0000000c000000070000001c010000bd06000082050000670200000c0300001c020000a203000092040000c102000092040000cd050000fc0300000000000001000000201000005f09000000000000020000000200000002000000020000001c010000cc0600000000000001000000201000000804000000000000000000000000000002000000020000001c010000bd0600000100000000000000201000000804000000000000000000000000000002000000020000001c010000bd0600000000000000000000112700006124000000000000000000000d00000004000000040000001c010000bd060000f8070000dd04000078563412040000006800000001000000010000000b000000000000000100000002000000030000000400000005000000060000000700000008000000090000000a00000004000000640062006f00000010000000740062006c00500072006f006a0065006300740046006f0074006f007300000006000b00f65400009e070000484f00009e070000484f0000ea2400008b720000ea2400008b720000c43b0000bc7f0000c43b00000000000002000000f0f0f00000000000000000000000000000000000010000003e000000000000004d4f0000992500007611000058010000320000000100000200007611000058010000020000000000050000800800008001000000150001000000900144420100065461686f6d611f0046004b005f00740062006c00500072006f006a0065006300740046006f0074006f0073005f00740062006c00500072006f006a0065006300740065006e0004000b009e8d0000c24c0000b1920000c24c0000b19200001c3e0000dc8f00001c3e00000000000002000000f0f0f000000000000000000000000000000000000100000040000000000000006093000014460000510f00005801000032000000010000020000510f000058010000020000000000050000800800008001000000150001000000900144420100065461686f6d611b0046004b005f00740062006c00500072006f006a0065006300740046006f0074006f0073005f00740062006c0046006f0074006f0073002143341208000000541200005f090000785634120700000014010000740062006c005a006f0065006b006500720074006a00650052006500610063007400690065007300000000000000000000000000060000000a000000000000000000000000000000000000000000000001000000030000000000000000000000000000000000000000000000010000000100000000000000000000000000000000000000000000000000000000000000000000000000000000000000b01cd6755ca471115ca4711100000000000000000000000004000000000000000000000001000000030000000000000090a471110000000000000000a0a47111feffffff000000000c000000020000000100000000000000000000000100000005000000540000002c0000002c0000002c0000003400000000000000000000008e20000061240000000000002d0100000d0000000c000000070000001c010000bd06000082050000670200000c0300001c020000a203000092040000c102000092040000cd050000fc0300000000000001000000541200005f09000000000000020000000200000002000000020000001c010000f80700000000000001000000201000000804000000000000000000000000000002000000020000001c010000bd0600000100000000000000201000000804000000000000000000000000000002000000020000001c010000bd0600000000000000000000112700006124000000000000000000000d00000004000000040000001c010000bd060000f8070000dd04000078563412040000007200000001000000010000000b000000000000000100000002000000030000000400000005000000060000000700000008000000090000000a00000004000000640062006f00000015000000740062006c005a006f0065006b006500720074006a0065005200650061006300740069006500730000002143341208000000201000003c090000785634120700000014010000740062006c005a006f0065006b006500720074006a00650046006f0074006f007300000000000000000000000000000000000000000000000000000000000000000000000300000000000000000000000000000000000000000000000000000000000000000000000000000000000000000000000000000000000000000000000000000000000000000000000000000000000000000000000000000000000000000000000000000000000000000000000000000000000000000000000000000000000000000000000000000000000000000000000000000000000000000000000000000000000000000000000000000000000000000000000100000005000000540000002c0000002c0000002c000000340000000000000000000000852000002e1e0000000000002d0100000d0000000c000000070000001c010000bd06000082050000670200000c0300001c020000a203000092040000c102000092040000cd050000fc0300000000000001000000201000003c09000000000000020000000200000002000000020000001c010000cc0600000000000001000000201000000804000000000000000000000000000002000000020000001c010000bd0600000100000000000000201000000804000000000000000000000000000002000000020000001c010000bd0600000000000000000000112700006124000000000000000000000d00000004000000040000001c010000bd060000f8070000dd04000078563412040000006c00000001000000010000000b000000000000000100000002000000030000000400000005000000060000000700000008000000090000000a00000004000000640062006f00000012000000740062006c005a006f0065006b006500720074006a00650046006f0074006f007300000004000b003df9ffff624300006c270000624300006c270000e6460000bc340000e64600000000000002000000f0f0f0000000000000000000000000000000000001000000440000000000000033060000114400006013000058010000240000000100000200006013000058010000020000000000050000800800008001000000150001000000900144420100065461686f6d61220046004b005f00740062006c005a006f0065006b006500720074006a00650046006f0074006f0073005f00740062006c005a006f0065006b006500720074006a006500730004000b003df9ffff624300006f270000624300006f2700006c390000fa3200006c3900000000000002000000f0f0f00000000000000000000000000000000000010000004600000000000000951b000011440000f31400005801000032000000010000020000f314000058010000020000000000050000800800008001000000150001000000900144420100065461686f6d61250046004b005f00740062006c005a006f0065006b006500720074006a006500520065006100630074006900650073005f00740062006c005a006f0065006b006500720074006a006500730006000b00988500006e280000e17a00006e280000e17a000075350000754c000075350000754c00006c3900004e4500006c3900000000000002000000f0f0f00000000000000000000000000000000000010000004800000000000000795500006e330000d41300005801000032000000010000020000d413000058010000020000000000050000800800008001000000150001000000900144420100065461686f6d61230046004b005f00740062006c005a006f0065006b006500720074006a006500520065006100630074006900650073005f00740062006c005200650061006300740069006500730006000b00267f0000c24c0000aa7c0000c24c0000aa7c000079580000d247000079580000d24700006a4a0000dc4400006a4a00000000000002000000f0f0f00000000000000000000000000000000000010000004a00000000000000fa58000072560000ac1000005801000032000000010000020000ac10000058010000020000000000050000800800008001000000150001000000900144420100065461686f6d611d0046004b005f00740062006c005a006f0065006b006500720074006a00650046006f0074006f0073005f00740062006c0046006f0074006f0073002143341208000000201000000f0a0000785634120700000014010000740062006c0041007200740069006b0065006c005200650061006300740069006500730000000000390000005d7a7a6a58770080000000000000000000000000000040410000404100000000517a766a00780080000000400000000000002640000000000000264001000000557a726a01790080300000003041ffff10000000070000003b0300002a000000497a6e6a397a00803b03000058d57006000000000000000000003041000040414d7a6a6a007b0080000026400000000000000040000000000000554000000000417a666a107c00800000000001000000520047004c0049005c00030026005800457a000000000000000000000100000005000000540000002c0000002c0000002c0000003400000000000000000000008e20000061240000000000002d0100000d0000000c000000070000001c010000bd06000082050000670200000c0300001c020000a203000092040000c102000092040000cd050000fc0300000000000001000000201000000f0a000000000000020000000200000002000000020000001c010000cc0600000000000001000000201000000804000000000000000000000000000002000000020000001c010000bd0600000100000000000000201000000804000000000000000000000000000002000000020000001c010000bd0600000000000000000000112700006124000000000000000000000d00000004000000040000001c010000bd060000f8070000dd04000078563412040000006e00000001000000010000000b000000000000000100000002000000030000000400000005000000060000000700000008000000090000000a00000004000000640062006f00000013000000740062006c0041007200740069006b0065006c0052006500610063007400690065007300000021433412080000001f10000082090000785634120700000014010000740062006c0041007200740069006b0065006c0046006f0074006f007300000032002e0030002e0030002e0030002c002000430075006c0074007500720065003d006e00650075007400720061006c002c0020005000750062006c00690063004b006500790054006f006b0065006e003d0062003700370061003500630035003600310039003300340065003000380039000000000000000000000000000000000000000000000000000000000000000000000000000000000000000000000000000000000000000000000000000000000000000000000000000000000000000000000000000000000000000000000000000000000000000100000005000000540000002c0000002c0000002c0000003400000000000000000000008e20000061240000000000002d0100000d0000000c000000070000001c010000bd06000082050000670200000c0300001c020000a203000092040000c102000092040000cd050000fc03000000000000010000001f1000008209000000000000020000000200000002000000020000001c010000cc0600000000000001000000201000000804000000000000000000000000000002000000020000001c010000bd0600000100000000000000201000000804000000000000000000000000000002000000020000001c010000bd0600000000000000000000112700006124000000000000000000000d00000004000000040000001c010000bd060000f8070000dd04000078563412040000006800000001000000010000000b000000000000000100000002000000030000000400000005000000060000000700000008000000090000000a00000004000000640062006f00000010000000740062006c0041007200740069006b0065006c0046006f0074006f007300000004000b00f6f4ffff2c010000db0000002c010000db0000003efeffff720600003efeffff0000000002000000f0f0f00000000000000000000000000000000000010000004e000000000000000af1ffff25ffffffc50f00005801000032000000010000020000c50f000058010000020000000000ffffff000800008001000000150001000000900144420100065461686f6d611e0046004b005f00740062006c0041007200740069006b0065006c0046006f0074006f0073005f00740062006c0041007200740069006b0065006c00730004000b00f6f4ffff2c010000db0000002c010000db000000720600008a1b0000720600000000000002000000f0f0f00000000000000000000000000000000000010000005000000000000000f6f4ffff25ffffff5911000058010000000000000100000200005911000058010000020000000000ffffff000800008001000000150001000000900144420100065461686f6d61210046004b005f00740062006c0041007200740069006b0065006c00520065006100630074006900650073005f00740062006c0041007200740069006b0065006c00730006000b009e8d0000c24c00007f9d0000c24c00007f9d00005ff8ffffd71800005ff8ffffd71800000000000091160000000000000000000002000000f0f0f000000000000000000000000000000000000100000052000000000000006981000058f6ffffdf0e00005801000034000000010000020000df0e000058010000020000000000ffffff000800008001000000150001000000900144420100065461686f6d611b0046004b005f00740062006c0041007200740069006b0065006c0046006f0074006f0073005f00740062006c0046006f0074006f00730006000b0010940000d8270000b1970000d8270000b1970000aafaffff412d0000aafaffff412d0000b0040000aa2b0000b00400000000000002000000f0f0f00000000000000000000000000000000000010000005400000000000000726f0000a3f8ffff0512000058010000320000000100000200000512000058010000020000000000ffffff000800008001000000150001000000900144420100065461686f6d61210046004b005f00740062006c0041007200740069006b0065006c00520065006100630074006900650073005f00740062006c005200650061006300740069006500730021433412080000001f1000005f090000785634120700000014010000740062006c004500760065006e0074004700650062007200750069006b0065007200730000000000000000000000000000000000060000000a000000000000000000000000000000000000000000000001000000030000000000000000000000000000000000000000000000010000000100000000000000000000000000000000000000000000000000000000000000000000000000000000000000b01cd675b4078f11b4078f11000000000000000000000000040000000000000000000000010000000300000000000000e8078f110000000000000000f8078f11feffffff000000000c000000020000000100000000000000000000000100000005000000540000002c0000002c0000002c0000003400000000000000000000008e20000061240000000000002d0100000d0000000c000000070000001c010000bd06000082050000670200000c0300001c020000a203000092040000c102000092040000cd050000fc03000000000000010000001f1000005f09000000000000020000000200000002000000020000001c010000cc0600000000000001000000201000000804000000000000000000000000000002000000020000001c010000bd0600000100000000000000201000000804000000000000000000000000000002000000020000001c010000bd0600000000000000000000112700006124000000000000000000000d00000004000000040000001c010000bd060000f8070000dd04000078563412040000006e00000001000000010000000b000000000000000100000002000000030000000400000005000000060000000700000008000000090000000a00000004000000640062006f00000013000000740062006c004500760065006e0074004700650062007200750069006b00650072007300000004000b00fa2800002a1200007c2b00002a1200007c2b0000c62a000014370000c62a00000000000002000000f0f0f000000000000000000000000000000000000100000058000000000000002b2c0000f62000000d14000058010000320000000100000200000d14000058010000020000000000ffffff000800008001000000150001000000900144420100065461686f6d61230046004b005f00740062006c004500760065006e0074004700650062007200750069006b006500720073005f00740062006c004700650062007200750069006b0065007200730004000b008c5500005a3c0000a84a00005a3c0000a84a0000d827000033470000d82700000000000002000000f0f0f00000000000000000000000000000000000010000005a0000000000000087430000533a00000512000058010000000000000100000200000512000058010000020000000000ffffff000800008001000000150001000000900144420100065461686f6d611f0046004b005f00740062006c004500760065006e0074004700650062007200750069006b006500720073005f00740062006c004500760065006e00740073002143341208000000d010000082090000785634120700000014010000740062006c004500760065006e007400520065006100630074006900650073000000000000000000000000000000000000000000000000000000000000000000000000000300000000000000000000000000000000000000000000000000000000000000000000000000000000000000000000000000000000000000000000000000000000000000000000000000000000000000000000000000000000000000000000000000000000000000000000000000000000000000000000000000000000000000000000000000000000000000000000000000000000000000000000000000000000000000000000000000000000000000000000000100000005000000540000002c0000002c0000002c0000003400000000000000000000008e20000061240000000000002d0100000d0000000c000000070000001c010000bd06000082050000670200000c0300001c020000a203000092040000c102000092040000cd050000fc0300000000000001000000d01000008209000000000000020000000200000002000000020000001c010000260700000000000001000000201000000804000000000000000000000000000002000000020000001c010000bd0600000100000000000000201000000804000000000000000000000000000002000000020000001c010000bd0600000000000000000000112700006124000000000000000000000d00000004000000040000001c010000bd060000f8070000dd04000078563412040000006a00000001000000010000000b000000000000000100000002000000030000000400000005000000060000000700000008000000090000000a00000004000000640062006f00000011000000740062006c004500760065006e00740052006500610063007400690065007300000004000b00988500006e280000c67a00006e280000c67a0000844e00001c790000844e00000000000002000000f0f0f00000000000000000000000000000000000010000005d000000000000004b680000312c0000cc1100005801000021000000010000020000cc11000058010000020000000000ffffff000800008001000000150001000000900144420100065461686f6d611f0046004b005f00740062006c004500760065006e007400520065006100630074006900650073005f00740062006c005200650061006300740069006500730004000b00046400005a3c0000dd6500005a3c0000dd650000004b00004c680000004b00000000000002000000f0f0f00000000000000000000000000000000000010000005f000000000000008c660000f1410000e61000005801000032000000010000020000e610000058010000020000000000ffffff000800008001000000150001000000900144420100065461686f6d611d0046004b005f00740062006c004500760065006e007400520065006100630074006900650073005f00740062006c004500760065006e0074007300214334120800000020100000c9090000785634120700000014010000740062006c004500760065006e00740046006f0074006f007300000000000000000000000000000000000000000000000000000080d6b200000000000000000000000000ffffffffffffffff00000000000000000000000000000000000000000000000000000000000000000000000000000000000000000000000010f4dddbeb30c241a59a52ddfc4057a50000000000000000000000000000000000000000000000000000000000000000000000000000000000000000000000000000000000000000000000000000000000000000000000000000000000000000000000000000000000000000000000000000000000000000000000000100000005000000540000002c0000002c0000002c0000003400000000000000000000008e20000061240000000000002d0100000d0000000c000000070000001c010000bd06000082050000670200000c0300001c020000a203000092040000c102000092040000cd050000fc030000000000000100000020100000c909000000000000020000000200000002000000020000001c010000cc0600000000000001000000201000000804000000000000000000000000000002000000020000001c010000bd0600000100000000000000201000000804000000000000000000000000000002000000020000001c010000bd0600000000000000000000112700006124000000000000000000000d00000004000000040000001c010000bd060000f8070000dd04000078563412040000006400000001000000010000000b000000000000000100000002000000030000000400000005000000060000000700000008000000090000000a00000004000000640062006f0000000e000000740062006c004500760065006e00740046006f0074006f007300000004000b009e8d0000c24c0000ec920000c24c0000ec9200002a5d0000468f00002a5d00000000000002000000f0f0f000000000000000000000000000000000000100000062000000000000009b93000040530000a50e00005801000032000000010000020000a50e000058010000020000000000ffffff000800008001000000150001000000900144420100065461686f6d61190046004b005f00740062006c004500760065006e00740046006f0074006f0073005f00740062006c0046006f0074006f00730004000b00046400005a3c0000016600005a3c000001660000d25a0000267f0000d25a00000000000002000000f0f0f000000000000000000000000000000000000100000064000000000000003a5e0000815b0000510f00005801000046000000010000020000510f000058010000020000000000ffffff000800008001000000150001000000900144420100065461686f6d611a0046004b005f00740062006c004500760065006e00740046006f0074006f0073005f00740062006c004500760065006e007400730000000000000000000000000000000000000000000000000000000000000000000001000000fefffffffeffffff0400000005000000060000000700000008000000090000000a0000000b0000000c0000000d0000000e0000000f000000100000001100000012000000130000001400000015000000160000001700000018000000190000001a0000001b0000001c000000fefffffffeffffffffffffffffffffffffffffffffffffffffffffffffffffffffffffffffffffffffffffffffffffffffffffffffffffffffffffffffffffffffffffffffffffffffffffffffffffffffffffffffffffffffffffffffffffffffffffffffffffffffffffffffffffffffffffffffffffffffffffffffffffffffffffffffffffffffffffffffffffffffffffffffffffffffffffffffffffffffffffffffffffffffffffffffffffffffffffffffffffffffffffffffffffffffffffffffffffffffffffffffffffffffffffffffffffffffffffffffffffffffffffffffffffffffffffffffffffffffffffffffffffffffffffffffffffffffffffffffffffffffffffffffffffffffffffffffffffffffffffffffffffffffffffffffffffffffffffffffffffffffffffffffffffffffffffffffffffffffffffffffffffffffffffffffffffffffffffffffffffffffffffffffffffffffffffffffffffffffffffffffffffffffffffffffffffffffffffffffffffffffffffffffffffffffffffffffffffff0100feff030a0000ffffffff00000000000000000000000000000000170000004d6963726f736f66742044445320466f726d20322e300010000000456d626564646564204f626a6563740000000000f439b271000000000000000000000000000000000000000000000000000000000000000000000000000000000000000000010003000000000000000c0000000b0000004e61bc00000000000000000000000000000000000000000000000000000000000000000000000000000000000000dbe6b0e91c81d011ad5100a0c90f57390000020030799c5cf397d001020200001048450000000000000000000000000000000000640100004400610074006100200053006f0075007200630065003d00530052004700500043003b0049006e0069007400690061006c00200043006100740061006c006f0067003d00670072006f0065006e0065007300740072006100610074003b0049006e00740065006700720061007400650064002000530065006300750072006900740079003d0054007200750065003b004d0075006c007400690070006c00650041006300740069007600650052006500730075006c00740053006500740073003d00460061006c00730065003b005000610063006b00650074002000530069007a0065003d0034003000390036003b004100700070006c00690063006100740069006f006e0020000300440064007300530074007200650061006d000000000000000000000000000000000000000000000000000000000000000000000000000000000000000000160002000300000006000000ffffffff00000000000000000000000000000000000000000000000000000000000000000000000043000000134600000000000053006300680065006d00610020005500440056002000440065006600610075006c0074000000000000000000000000000000000000000000000000000000000026000200ffffffffffffffffffffffff000000000000000000000000000000000000000000000000000000000000000000000000020000001600000000000000440053005200450046002d0053004300480045004d0041002d0043004f004e00540045004e0054005300000000000000000000000000000000000000000000002c0002010500000007000000ffffffff000000000000000000000000000000000000000000000000000000000000000000000000030000007e0600000000000053006300680065006d00610020005500440056002000440065006600610075006c007400200050006f007300740020005600360000000000000000000000000036000200ffffffffffffffffffffffff0000000000000000000000000000000000000000000000000000000000000000000000001d00000012000000000000000c0000006adeffff26f2ffff0100260000007300630068005f006c006100620065006c0073005f00760069007300690062006c0065000000010000000b0000001e000000000000000000000000000000000000006400000000000000000000000000000000000000000000000000010000000100000000000000000000000000000000000000d00200000600280000004100630074006900760065005400610062006c00650056006900650077004d006f006400650000000100000008000400000031000000200000005400610062006c00650056006900650077004d006f00640065003a00300000000100000008003a00000034002c0030002c003200380034002c0030002c0032003200390035002c0031002c0031003800370035002c0035002c0031003200340035000000200000005400610062006c00650056006900650077004d006f00640065003a00310000000100000008001e00000032002c0030002c003200380034002c0030002c0031003500330030000000200000005400610062006c00650056006900650077004d006f00640065003a00320000000100000008001e00000032002c0030002c003200380034002c0030002c0032003200390035000000200000005400610062006c00650056006900650077004d006f00640065003a00330000000100000008001e00000032002c0030002c003200380034002c0030002c0032003200390035000000200000005400610062006c00650056006900650077004d006f00640065003a00340000000100000008003e00000034002c0030002c003200380034002c0030002c0032003200390035002c00310032002c0032003700310035002c00310031002c0031003600360035000000020000000200000000000000000000000000000000000000d00200000600280000004100630074006900760065005400610062006c00650056006900650077004d006f006400650000000100000008000400000031000000200000005400610062006c00650056006900650077004d006f00640065003a00300000000100000008003a00000034002c0030002c003200380034002c0030002c0032003200390035002c0031002c0031003800370035002c0035002c0031003200340035000000200000005400610062006c00650056006900650077004d006f00640065003a00310000000100000008001e00000032002c0030002c003200380034002c0030002c0031003500300030000000200000005400610062006c00650056006900650077004d006f00640065003a00320000000100000008001e00000032002c0030002c003200380034002c0030002c0032003200390035000000200000005400610062006c00650056006900650077004d006f00640065003a00330000000100000008001e00000032002c0030002c003200380034002c0030002c0032003200390035000000200000005400610062006c00650056006900650077004d006f00640065003a00340000000100000008003e00000034002c0030002c003200380034002c0030002c0032003200390035002c00310032002c0032003700310035002c00310031002c0031003600360035000000030000000300000000000000000000000000000000000000d00200000600280000004100630074006900760065005400610062006c00650056006900650077004d006f006400650000000100000008000400000031000000200000005400610062006c00650056006900650077004d006f00640065003a00300000000100000008003a00000034002c0030002c003200380034002c0030002c0032003200390035002c0031002c0031003800370035002c0035002c0031003200340035000000200000005400610062006c00650056006900650077004d006f00640065003a00310000000100000008001e00000032002c0030002c003200380034002c0030002c0031003500300030000000200000005400610062006c00650056006900650077004d006f00640065003a00320000000100000008001e00000032002c0030002c003200380034002c0030002c0032003200390035000000200000005400610062006c00650056006900650077004d006f00640065003a00330000000100000008001e00000032002c0030002c003200380034002c0030002c0032003200390035000000200000005400610062006c00650056006900650077004d006f00640065003a00340000000100000008003e00000034002c0030002c003200380034002c0030002c0032003200390035002c00310032002c0032003700310035002c00310031002c0031003600360035000000040000000400000000000000000000000000000000000000d00200000600280000004100630074006900760065005400610062006c00650056006900650077004d006f006400650000000100000008000400000031000000200000005400610062006c00650056006900650077004d006f00640065003a00300000000100000008003a00000034002c0030002c003200380034002c0030002c0032003200390035002c0031002c0031003800370035002c0035002c0031003200340035000000200000005400610062006c00650056006900650077004d006f00640065003a00310000000100000008001e00000032002c0030002c003200380034002c0030002c0031003500300030000000200000005400610062006c00650056006900650077004d006f00640065003a00320000000100000008001e00000032002c0030002c003200380034002c0030002c0032003200390035000000200000005400610062006c00650056006900650077004d006f00640065003a00330000000100000008001e00000032002c0030002c003200380034002c0030002c0032003200390035000000200000005400610062006c00650056006900650077004d006f00640065003a00340000000100000008003e00000034002c0030002c003200380034002c0030002c0032003200390035002c00310032002c0032003700310035002c00310031002c0031003600360035000000050000000500000000000000000000000000000000000000d00200000600280000004100630074006900760065005400610062006c00650056006900650077004d006f006400650000000100000008000400000031000000200000005400610062006c00650056006900650077004d006f00640065003a00300000000100000008003a00000034002c0030002c003200380034002c0030002c0032003200390035002c0031002c0031003800370035002c0035002c0031003200340035000000200000005400610062006c00650056006900650077004d006f00640065003a00310000000100000008001e00000032002c0030002c003200380034002c0030002c0031003800360030000000200000005400610062006c00650056006900650077004d006f00640065003a00320000000100000008001e00000032002c0030002c003200380034002c0030002c0032003200390035000000200000005400610062006c00650056006900650077004d006f00640065003a00330000000100000008001e00000032002c0030002c003200380034002c0030002c0032003200390035000000200000005400610062006c00650056006900650077004d006f00640065003a00340000000100000008003e00000034002c0030002c003200380034002c0030002c0032003200390035002c00310032002c0032003700310035002c00310031002c0031003600360035000000060000000600000000000000000000000000000000000000d00200000600280000004100630074006900760065005400610062006c00650056006900650077004d006f006400650000000100000008000400000031000000200000005400610062006c00650056006900650077004d006f00640065003a00300000000100000008003a00000034002c0030002c003200380034002c0030002c0032003200390035002c0031002c0031003800370035002c0035002c0031003200340035000000200000005400610062006c00650056006900650077004d006f00640065003a00310000000100000008001e00000032002c0030002c003200380034002c0030002c0031003500300030000000200000005400610062006c00650056006900650077004d006f00640065003a00320000000100000008001e00000032002c0030002c003200380034002c0030002c0032003200390035000000200000005400610062006c00650056006900650077004d006f00640065003a00330000000100000008001e00000032002c0030002c003200380034002c0030002c0032003200390035000000200000005400610062006c00650056006900650077004d006f00640065003a00340000000100000008003e00000034002c0030002c003200380034002c0030002c0032003200390035002c00310032002c0032003700310035002c00310031002c0031003600360035000000070000000700000000000000000000000000000000000000d00200000600280000004100630074006900760065005400610062006c00650056006900650077004d006f006400650000000100000008000400000031000000200000005400610062006c00650056006900650077004d006f00640065003a00300000000100000008003a00000034002c0030002c003200380034002c0030002c0032003200390035002c0031002c0031003800370035002c0035002c0031003200340035000000200000005400610062006c00650056006900650077004d006f00640065003a00310000000100000008001e00000032002c0030002c003200380034002c0030002c0031003500300030000000200000005400610062006c00650056006900650077004d006f00640065003a00320000000100000008001e00000032002c0030002c003200380034002c0030002c0032003200390035000000200000005400610062006c00650056006900650077004d006f00640065003a00330000000100000008001e00000032002c0030002c003200380034002c0030002c0032003200390035000000200000005400610062006c00650056006900650077004d006f00640065003a00340000000100000008003e00000034002c0030002c003200380034002c0030002c0032003200390035002c00310032002c0032003700310035002c00310031002c0031003600360035000000080000000800000000000000000000000000000000000000d00200000600280000004100630074006900760065005400610062006c00650056006900650077004d006f006400650000000100000008000400000031000000200000005400610062006c00650056006900650077004d006f00640065003a00300000000100000008003a00000034002c0030002c003200380034002c0030002c0032003200390035002c0031002c0031003800370035002c0035002c0031003200340035000000200000005400610062006c00650056006900650077004d006f00640065003a00310000000100000008001e00000032002c0030002c003200380034002c0030002c0031003500300030000000200000005400610062006c00650056006900650077004d006f00640065003a00320000000100000008001e00000032002c0030002c003200380034002c0030002c0032003200390035000000200000005400610062006c00650056006900650077004d006f00640065003a00330000000100000008001e00000032002c0030002c003200380034002c0030002c0032003200390035000000200000005400610062006c00650056006900650077004d006f00640065003a00340000000100000008003e00000034002c0030002c003200380034002c0030002c0032003200390035002c00310032002c0032003700310035002c00310031002c0031003600360035000000090000000900000000000000000000000000000000000000d00200000600280000004100630074006900760065005400610062006c00650056006900650077004d006f006400650000000100000008000400000031000000200000005400610062006c00650056006900650077004d006f00640065003a00300000000100000008003a00000034002c0030002c003200380034002c0030002c0032003200390035002c0031002c0031003800370035002c0035002c0031003200340035000000200000005400610062006c00650056006900650077004d006f00640065003a00310000000100000008001e00000032002c0030002c003200380034002c0030002c0031003800300030000000200000005400610062006c00650056006900650077004d006f00640065003a00320000000100000008001e00000032002c0030002c003200380034002c0030002c0032003200390035000000200000005400610062006c00650056006900650077004d006f00640065003a00330000000100000008001e00000032002c0030002c003200380034002c0030002c0032003200390035000000200000005400610062006c00650056006900650077004d006f00640065003a00340000000100000008003e00000034002c0030002c003200380034002c0030002c0032003200390035002c00310032002c0032003700310035002c00310031002c00310036003600350000000a0000000a0000000000000050000000016afb5a01000000640062006f00000046004b005f00740062006c005a006f0065006b006500720074006a00650073005f00740062006c00430061007400650067006f0072006900650065006e0000000000000000000000c402000000000b0000000b0000000a0000000800000001b56e1108b56e110000000000000000ad0700000000000e0000000e000000000000004c000000016afb5a01000000640062006f00000046004b005f00740062006c0041007200740069006b0065006c0073005f00740062006c00430061007400650067006f0072006900650065006e0000000000000000000000c402000000000f0000000f0000000e0000000800000001b26e1108b26e110000000000000000ad0700000000001000000010000000000000004e000000016afb5a01000000640062006f00000046004b005f00740062006c00500072006f006a0065006300740065006e005f00740062006c00430061007400650067006f0072006900650065006e0000000000000000000000c402000000001100000011000000100000000800000001b46e1188b46e110000000000000000ad070000000000120000001200000000000000480000000100270001000000640062006f00000046004b005f00740062006c004500760065006e00740073005f00740062006c00430061007400650067006f0072006900650065006e0000000000000000000000c402000000001300000013000000120000000800000001b16e11c8b16e110000000000000000ad0700000000001400000014000000000000004c0000000100350001000000640062006f00000046004b005f00740062006c00500072006f006a0065006300740065006e005f00740062006c004700650062007200750069006b0065007200730000000000000000000000c402000000001500000015000000140000000800000001b26e11c8b26e110000000000000000ad0700000000001600000016000000000000004a000000016afb5a01000000640062006f00000046004b005f00740062006c0041007200740069006b0065006c0073005f00740062006c004700650062007200750069006b0065007200730000000000000000000000c402000000001700000017000000160000000800000001b26e1188b26e110000000000000000ad0700000000001800000018000000000000004e000000016afb5a01000000640062006f00000046004b005f00740062006c005a006f0065006b006500720074006a00650073005f00740062006c004700650062007200750069006b0065007200730000000000000000000000c402000000001900000019000000180000000800000001b16e1188b16e110000000000000000ad0700000000001a0000001a0000000000000046000000014bd07301000000640062006f00000046004b005f00740062006c004500760065006e00740073005f00740062006c004700650062007200750069006b0065007200730000000000000000000000c402000000001b0000001b0000001a0000000800000001b06e1188b06e110000000000000000ad0700000000001c0000001c0000000000000044000000014bd07301000000640062006f00000046004b005f00740062006c00500072006f006a0065006300740065006e005f00740062006c00530074006500640065006e0000000000000000000000c402000000001d0000001d0000001c0000000800000001b76e1148b76e110000000000000000ad0700000000001e0000001e000000000000003e0000000102b55a01000000640062006f00000046004b005f00740062006c004500760065006e00740073005f00740062006c00530074006500640065006e0000000000000000000000c402000000001f0000001f0000001e0000000800000001b26e1148b26e110000000000000000ad07000000000020000000200000000000000046000000014bd07301000000640062006f00000046004b005f00740062006c004700650062007200750069006b006500720073005f00740062006c00530074006500640065006e0000000000000000000000c402000000002100000021000000200000000800000001b76e1108b76e110000000000000000ad070000000000220000002200000000000000000000000000000000000000d00200000600280000004100630074006900760065005400610062006c00650056006900650077004d006f006400650000000100000008000400000031000000200000005400610062006c00650056006900650077004d006f00640065003a00300000000100000008003a00000034002c0030002c003200380034002c0030002c0031003300390035002c0031002c0031003000350030002c0035002c0031003100340030000000200000005400610062006c00650056006900650077004d006f00640065003a00310000000100000008001e00000032002c0030002c003200380034002c0030002c0032003000370030000000200000005400610062006c00650056006900650077004d006f00640065003a00320000000100000008001e00000032002c0030002c003200380034002c0030002c0031003700320035000000200000005400610062006c00650056006900650077004d006f00640065003a00330000000100000008001e00000032002c0030002c003200380034002c0030002c0031003700320035000000200000005400610062006c00650056006900650077004d006f00640065003a00340000000100000008003e00000034002c0030002c003200380034002c0030002c0031003700320035002c00310032002c0032003000340030002c00310031002c0031003200340035000000240000002400000000000000540000000100000001000000640062006f00000046004b005f00740062006c00500072006f006a0065006300740041007200740069006b0065006c0073005f00740062006c0041007200740069006b0065006c00730000000000000000000000c402000000002500000025000000240000000800000001b36e1148b36e110000000000000000ad070000000000260000002600000000000000560000000100000001000000640062006f00000046004b005f00740062006c00500072006f006a0065006300740041007200740069006b0065006c0073005f00740062006c00500072006f006a0065006300740065006e0000000000000000000000c402000000002700000027000000260000000800000001b06e1108b06e110000000000000000ad070000000000280000002800000000000000000000000000000000000000d00200000600280000004100630074006900760065005400610062006c00650056006900650077004d006f006400650000000100000008000400000031000000200000005400610062006c00650056006900650077004d006f00640065003a00300000000100000008003800000034002c0030002c003200380034002c0030002c0031003700320035002c0031002c0031003400310030002c0035002c003900330030000000200000005400610062006c00650056006900650077004d006f00640065003a00310000000100000008001e00000032002c0030002c003200380034002c0030002c0031003700340030000000200000005400610062006c00650056006900650077004d006f00640065003a00320000000100000008001e00000032002c0030002c003200380034002c0030002c0031003700320035000000200000005400610062006c00650056006900650077004d006f00640065003a00330000000100000008001e00000032002c0030002c003200380034002c0030002c0031003700320035000000200000005400610062006c00650056006900650077004d006f00640065003a00340000000100000008003e00000034002c0030002c003200380034002c0030002c0031003700320035002c00310032002c0032003000340030002c00310031002c00310032003400350000002900000029000000000000005c000000016afb5a01000000640062006f00000046004b005f00740062006c00500072006f006a006500630074004700650062007200750069006b006500720073005f00740062006c004700650062007200750069006b0065007200730000000000000000000000c402000000002a0000002a000000290000000800000001b46e1108b46e110000000000000000ad0700000000002b0000002b000000000000005a000000016afb5a01000000640062006f00000046004b005f00740062006c00500072006f006a006500630074004700650062007200750069006b006500720073005f00740062006c00500072006f006a0065006300740065006e0000000000000000000000c402000000002c0000002c0000002b0000000800000001b76e1188b76e110000000000000000ad0700000000002d0000002d00000000000000000000000000000000000000d00200000600280000004100630074006900760065005400610062006c00650056006900650077004d006f006400650000000100000008000400000031000000200000005400610062006c00650056006900650077004d006f00640065003a00300000000100000008003800000034002c0030002c003200380034002c0030002c0031003700320035002c0031002c0031003400310030002c0035002c003900330030000000200000005400610062006c00650056006900650077004d006f00640065003a00310000000100000008001e00000032002c0030002c003200380034002c0030002c0031003700340030000000200000005400610062006c00650056006900650077004d006f00640065003a00320000000100000008001e00000032002c0030002c003200380034002c0030002c0031003700320035000000200000005400610062006c00650056006900650077004d006f00640065003a00330000000100000008001e00000032002c0030002c003200380034002c0030002c0031003700320035000000200000005400610062006c00650056006900650077004d006f00640065003a00340000000100000008003e00000034002c0030002c003200380034002c0030002c0031003700320035002c00310032002c0032003000340030002c00310031002c00310032003400350000002e0000002e000000000000005c000000016afb5a01000000640062006f00000046004b005f00740062006c00500072006f006a006500630074005a006f0065006b006500720074006a00650073005f00740062006c005a006f0065006b006500720074006a006500730000000000000000000000c402000000002f0000002f0000002e0000000800000001b66e11c8b66e110000000000000000ad0700000000003000000030000000000000005a000000016afb5a01000000640062006f00000046004b005f00740062006c00500072006f006a006500630074005a006f0065006b006500720074006a00650073005f00740062006c00500072006f006a0065006300740065006e0000000000000000000000c402000000003100000031000000300000000800000001af6e11c8af6e110000000000000000ad070000000000320000003200000000000000000000000000000000000000d00200000600280000004100630074006900760065005400610062006c00650056006900650077004d006f006400650000000100000008000400000031000000200000005400610062006c00650056006900650077004d006f00640065003a00300000000100000008003800000034002c0030002c003200380034002c0030002c0031003700320035002c0031002c0031003400310030002c0035002c003900330030000000200000005400610062006c00650056006900650077004d006f00640065003a00310000000100000008001e00000032002c0030002c003200380034002c0030002c0031003700340030000000200000005400610062006c00650056006900650077004d006f00640065003a00320000000100000008001e00000032002c0030002c003200380034002c0030002c0031003700320035000000200000005400610062006c00650056006900650077004d006f00640065003a00330000000100000008001e00000032002c0030002c003200380034002c0030002c0031003700320035000000200000005400610062006c00650056006900650077004d006f00640065003a00340000000100000008003e00000034002c0030002c003200380034002c0030002c0031003700320035002c00310032002c0032003000340030002c00310031002c0031003200340035000000330000003300000000000000520000000100040001000000640062006f00000046004b005f00740062006c00500072006f006a006500630074004500760065006e00740073005f00740062006c00500072006f006a0065006300740065006e0000000000000000000000c402000000003400000034000000330000000800000001b16e1108b16e110000000000000000ad0700000000003500000035000000000000004c000000016afb5a01000000640062006f00000046004b005f00740062006c00500072006f006a006500630074004500760065006e00740073005f00740062006c004500760065006e007400730000000000000000000000c402000000003600000036000000350000000800000001b66e1108b66e110000000000000000ad070000000000370000003700000000000000000000000000000000000000d00200000600280000004100630074006900760065005400610062006c00650056006900650077004d006f006400650000000100000008000400000031000000200000005400610062006c00650056006900650077004d006f00640065003a00300000000100000008003800000034002c0030002c003200380034002c0030002c0031003700320035002c0031002c0031003400310030002c0035002c003900330030000000200000005400610062006c00650056006900650077004d006f00640065003a00310000000100000008001e00000032002c0030002c003200380034002c0030002c0031003700340030000000200000005400610062006c00650056006900650077004d006f00640065003a00320000000100000008001e00000032002c0030002c003200380034002c0030002c0031003700320035000000200000005400610062006c00650056006900650077004d006f00640065003a00330000000100000008001e00000032002c0030002c003200380034002c0030002c0031003700320035000000200000005400610062006c00650056006900650077004d006f00640065003a00340000000100000008003e00000034002c0030002c003200380034002c0030002c0031003700320035002c00310032002c0032003000340030002c00310031002c0031003200340035000000380000003800000000000000540000000100040001000000640062006f00000046004b005f00740062006c00500072006f006a00650063007400520065006100630074006900650073005f00740062006c005200650061006300740069006500730000000000000000000000c402000000003900000039000000380000000800000001478011704780110000000000000000ad0f00000100003a0000003a00000000000000560000000179737401000000640062006f00000046004b005f00740062006c00500072006f006a00650063007400520065006100630074006900650073005f00740062006c00500072006f006a0065006300740065006e0000000000000000000000c402000000003b0000003b0000003a0000000800000001448011304480110000000000000000ad0f00000100003c0000003c00000000000000000000000000000000000000d00200000600280000004100630074006900760065005400610062006c00650056006900650077004d006f006400650000000100000008000400000031000000200000005400610062006c00650056006900650077004d006f00640065003a00300000000100000008003800000034002c0030002c003200380034002c0030002c0031003700320035002c0031002c0031003400310030002c0035002c003900330030000000200000005400610062006c00650056006900650077004d006f00640065003a00310000000100000008001e00000032002c0030002c003200380034002c0030002c0031003700340030000000200000005400610062006c00650056006900650077004d006f00640065003a00320000000100000008001e00000032002c0030002c003200380034002c0030002c0031003700320035000000200000005400610062006c00650056006900650077004d006f00640065003a00330000000100000008001e00000032002c0030002c003200380034002c0030002c0031003700320035000000200000005400610062006c00650056006900650077004d006f00640065003a00340000000100000008003e00000034002c0030002c003200380034002c0030002c0031003700320035002c00310032002c0032003000340030002c00310031002c00310032003400350000003d0000003d0000000000000050000000016afb5a01000000640062006f00000046004b005f00740062006c00500072006f006a0065006300740046006f0074006f0073005f00740062006c00500072006f006a0065006300740065006e0000000000000000000000c402000000003e0000003e0000003d0000000800000001398011703980110000000000000000ad0f00000100003f0000003f0000000000000048000000014bd07301000000640062006f00000046004b005f00740062006c00500072006f006a0065006300740046006f0074006f0073005f00740062006c0046006f0074006f00730000000000000000000000c4020000000040000000400000003f00000008000000013a8011303a80110000000000000000ad0f0000010000410000004100000000000000000000000000000000000000d00200000600280000004100630074006900760065005400610062006c00650056006900650077004d006f006400650000000100000008000400000031000000200000005400610062006c00650056006900650077004d006f00640065003a00300000000100000008003800000034002c0030002c003200380034002c0030002c0031003700320035002c0031002c0031003400310030002c0035002c003900330030000000200000005400610062006c00650056006900650077004d006f00640065003a00310000000100000008001e00000032002c0030002c003200380034002c0030002c0032003000340030000000200000005400610062006c00650056006900650077004d006f00640065003a00320000000100000008001e00000032002c0030002c003200380034002c0030002c0031003700320035000000200000005400610062006c00650056006900650077004d006f00640065003a00330000000100000008001e00000032002c0030002c003200380034002c0030002c0031003700320035000000200000005400610062006c00650056006900650077004d006f00640065003a00340000000100000008003e00000034002c0030002c003200380034002c0030002c0031003700320035002c00310032002c0032003000340030002c00310031002c0031003200340035000000420000004200000000000000000000000000000000000000d00200000600280000004100630074006900760065005400610062006c00650056006900650077004d006f006400650000000100000008000400000031000000200000005400610062006c00650056006900650077004d006f00640065003a00300000000100000008003800000034002c0030002c003200380034002c0030002c0031003700320035002c0031002c0031003400310030002c0035002c003900330030000000200000005400610062006c00650056006900650077004d006f00640065003a00310000000100000008001e00000032002c0030002c003200380034002c0030002c0031003700340030000000200000005400610062006c00650056006900650077004d006f00640065003a00320000000100000008001e00000032002c0030002c003200380034002c0030002c0031003700320035000000200000005400610062006c00650056006900650077004d006f00640065003a00330000000100000008001e00000032002c0030002c003200380034002c0030002c0031003700320035000000200000005400610062006c00650056006900650077004d006f00640065003a00340000000100000008003e00000034002c0030002c003200380034002c0030002c0031003700320035002c00310032002c0032003000340030002c00310031002c0031003200340035000000430000004300000000000000560000000100000001000000640062006f00000046004b005f00740062006c005a006f0065006b006500720074006a00650046006f0074006f0073005f00740062006c005a006f0065006b006500720074006a006500730000000000000000000000c4020000000044000000440000004300000008000000013c8011703c80110000000000000000ad0f00000100004500000045000000000000005c0000000100000001000000640062006f00000046004b005f00740062006c005a006f0065006b006500720074006a006500520065006100630074006900650073005f00740062006c005a006f0065006b006500720074006a006500730000000000000000000000c4020000000046000000460000004500000008000000012f8011f02f80110000000000000000ad0f0000010000470000004700000000000000580000000179737401000000640062006f00000046004b005f00740062006c005a006f0065006b006500720074006a006500520065006100630074006900650073005f00740062006c005200650061006300740069006500730000000000000000000000c4020000000048000000480000004700000008000000012e8011702e80110000000000000000ad0f00000100004900000049000000000000004c000000016afb5a01000000640062006f00000046004b005f00740062006c005a006f0065006b006500720074006a00650046006f0074006f0073005f00740062006c0046006f0074006f00730000000000000000000000c402000000004a0000004a000000490000000800000001288011b02880110000000000000000ad0f00000100004b0000004b00000000000000000000000000000000000000d00200000600280000004100630074006900760065005400610062006c00650056006900650077004d006f006400650000000100000008000400000031000000200000005400610062006c00650056006900650077004d006f00640065003a00300000000100000008003800000034002c0030002c003200380034002c0030002c0031003700320035002c0031002c0031003400310030002c0035002c003900330030000000200000005400610062006c00650056006900650077004d006f00640065003a00310000000100000008001e00000032002c0030002c003200380034002c0030002c0031003700340030000000200000005400610062006c00650056006900650077004d006f00640065003a00320000000100000008001e00000032002c0030002c003200380034002c0030002c0031003700320035000000200000005400610062006c00650056006900650077004d006f00640065003a00330000000100000008001e00000032002c0030002c003200380034002c0030002c0031003700320035000000200000005400610062006c00650056006900650077004d006f00640065003a00340000000100000008003e00000034002c0030002c003200380034002c0030002c0031003700320035002c00310032002c0032003000340030002c00310031002c00310032003400350000004c0000004c00000000000000000000000000000000000000d00200000600280000004100630074006900760065005400610062006c00650056006900650077004d006f006400650000000100000008000400000031000000200000005400610062006c00650056006900650077004d006f00640065003a00300000000100000008003800000034002c0030002c003200380034002c0030002c0031003700320035002c0031002c0031003400310030002c0035002c003900330030000000200000005400610062006c00650056006900650077004d006f00640065003a00310000000100000008001e00000032002c0030002c003200380034002c0030002c0031003700340030000000200000005400610062006c00650056006900650077004d006f00640065003a00320000000100000008001e00000032002c0030002c003200380034002c0030002c0031003700320035000000200000005400610062006c00650056006900650077004d006f00640065003a00330000000100000008001e00000032002c0030002c003200380034002c0030002c0031003700320035000000200000005400610062006c00650056006900650077004d006f00640065003a00340000000100000008003e00000034002c0030002c003200380034002c0030002c0031003700320035002c00310032002c0032003000340030002c00310031002c00310032003400350000004d0000004d000000000000004e000000016afb5a01000000640062006f00000046004b005f00740062006c0041007200740069006b0065006c0046006f0074006f0073005f00740062006c0041007200740069006b0065006c00730000000000000000000000c402000000004e0000004e0000004d00000008000000015f8f11b85f8f110000000000000000ad0f00000100004f0000004f00000000000000540000000100040001000000640062006f00000046004b005f00740062006c0041007200740069006b0065006c00520065006100630074006900650073005f00740062006c0041007200740069006b0065006c00730000000000000000000000c4020000000050000000500000004f0000000800000001608f1138608f110000000000000000ad0f000001000051000000510000000000000048000000014bd07301000000640062006f00000046004b005f00740062006c0041007200740069006b0065006c0046006f0074006f0073005f00740062006c0046006f0074006f00730000000000000000000000c4020000000052000000520000005100000008000000015b8f11f85b8f110000000000000000ad0f0000010000530000005300000000000000540000000100040001000000640062006f00000046004b005f00740062006c0041007200740069006b0065006c00520065006100630074006900650073005f00740062006c005200650061006300740069006500730000000000000000000000c402000000005400000054000000530000000800000001588f11b8588f110000000000000000ad0f0000010000560000005600000000000000000000000000000000000000d00200000600280000004100630074006900760065005400610062006c00650056006900650077004d006f006400650000000100000008000400000031000000200000005400610062006c00650056006900650077004d006f00640065003a00300000000100000008003800000034002c0030002c003200380034002c0030002c0031003700320035002c0031002c0031003400310030002c0035002c003900330030000000200000005400610062006c00650056006900650077004d006f00640065003a00310000000100000008001e00000032002c0030002c003200380034002c0030002c0031003700340030000000200000005400610062006c00650056006900650077004d006f00640065003a00320000000100000008001e00000032002c0030002c003200380034002c0030002c0031003700320035000000200000005400610062006c00650056006900650077004d006f00640065003a00330000000100000008001e00000032002c0030002c003200380034002c0030002c0031003700320035000000200000005400610062006c00650056006900650077004d006f00640065003a00340000000100000008003e00000034002c0030002c003200380034002c0030002c0031003700320035002c00310032002c0032003000340030002c00310031002c0031003200340035000000570000005700000000000000580000000179737401000000640062006f00000046004b005f00740062006c004500760065006e0074004700650062007200750069006b006500720073005f00740062006c004700650062007200750069006b0065007200730000000000000000000000c402000000005800000058000000570000000800000001299911202999110000000000000000ad0f000001000059000000590000000000000050000000016afb5a01000000640062006f00000046004b005f00740062006c004500760065006e0074004700650062007200750069006b006500720073005f00740062006c004500760065006e007400730000000000000000000000c402000000005a0000005a0000005900000008000000012f9911a02f99110000000000000000ad0f00000100005b0000005b00000000000000000000000000000000000000d00200000600280000004100630074006900760065005400610062006c00650056006900650077004d006f006400650000000100000008000400000031000000200000005400610062006c00650056006900650077004d006f00640065003a00300000000100000008003800000034002c0030002c003200380034002c0030002c0031003700320035002c0031002c0031003400310030002c0035002c003900330030000000200000005400610062006c00650056006900650077004d006f00640065003a00310000000100000008001e00000032002c0030002c003200380034002c0030002c0031003800330030000000200000005400610062006c00650056006900650077004d006f00640065003a00320000000100000008001e00000032002c0030002c003200380034002c0030002c0031003700320035000000200000005400610062006c00650056006900650077004d006f00640065003a00330000000100000008001e00000032002c0030002c003200380034002c0030002c0031003700320035000000200000005400610062006c00650056006900650077004d006f00640065003a00340000000100000008003e00000034002c0030002c003200380034002c0030002c0031003700320035002c00310032002c0032003000340030002c00310031002c00310032003400350000005c0000005c0000000000000050000000016afb5a01000000640062006f00000046004b005f00740062006c004500760065006e007400520065006100630074006900650073005f00740062006c005200650061006300740069006500730000000000000000000000c402000000005d0000005d0000005c0000000800000001299911a02999110000000000000000ad0f00000100005e0000005e000000000000004c000000016afb5a01000000640062006f00000046004b005f00740062006c004500760065006e007400520065006100630074006900650073005f00740062006c004500760065006e007400730000000000000000000000c402000000005f0000005f0000005e0000000800000001349911203499110000000000000000ad0f0000010000600000006000000000000000000000000000000000000000d00200000600280000004100630074006900760065005400610062006c00650056006900650077004d006f006400650000000100000008000400000031000000200000005400610062006c00650056006900650077004d006f00640065003a00300000000100000008003800000034002c0030002c003200380034002c0030002c0031003700320035002c0031002c0031003400310030002c0035002c003900330030000000200000005400610062006c00650056006900650077004d006f00640065003a00310000000100000008001e00000032002c0030002c003200380034002c0030002c0031003700340030000000200000005400610062006c00650056006900650077004d006f00640065003a00320000000100000008001e00000032002c0030002c003200380034002c0030002c0031003700320035000000200000005400610062006c00650056006900650077004d006f00640065003a00330000000100000008001e00000032002c0030002c003200380034002c0030002c0031003700320035000000200000005400610062006c00650056006900650077004d006f00640065003a00340000000100000008003e00000034002c0030002c003200380034002c0030002c0031003700320035002c00310032002c0032003000340030002c00310031002c003100320034003500000061000000610000000000000044000000014bd07301000000640062006f00000046004b005f00740062006c004500760065006e00740046006f0074006f0073005f00740062006c0046006f0074006f00730000000000000000000000c402000000006200000062000000610000000800000001349911a03499110000000000000000ad0f000001000063000000630000000000000046000000014bd07301000000640062006f00000046004b005f00740062006c004500760065006e00740046006f0074006f0073005f00740062006c004500760065006e007400730000000000000000000000c402000000006400000064000000630000000800000001369911a03699110000000000000000ad0f0000010000b90000004f000000010000004b0000003f0000004e0000004d000000010000004c0000003f000000420000002400000001000000220000003f0000004c0000000a000000020000000900000038000000710000000e0000000200000001000000380000006b0000001000000002000000060000003b0000008c0000001200000002000000030000003b0000008c0000006300000003000000600000003b000000420000005e000000030000005b0000003b000000420000005900000003000000560000003a000000410000003500000003000000320000003a0000004a0000006100000004000000600000003b0000004b00000051000000040000004c0000003b000000490000004900000004000000420000003a0000004b0000003f000000040000003c0000003b00000049000000570000000500000056000000450000004a0000001400000005000000060000004500000084000000160000000500000001000000440000006300000018000000050000000900000044000000690000001a00000005000000030000004500000082000000290000000500000028000000450000004a0000003d000000060000003c0000003a000000400000003a00000006000000370000003a000000420000002600000006000000220000003a0000004b0000002b00000006000000280000003a0000004100000030000000060000002d0000003a0000003f0000003300000006000000320000003a000000420000005c000000070000005b0000003c0000004f00000053000000070000004b0000003b000000490000004700000007000000410000003c000000490000003800000007000000370000003b0000004b0000001c00000008000000060000003a000000670000001e00000008000000030000003a000000590000002000000008000000050000003a0000005f0000004500000009000000410000004300000048000000430000000900000042000000430000003e0000002e000000090000002d000000440000004a000000000000000000000000000000000000000000000000000000000000000000000000000000000000000000000000000000000000000000000000000000000000000000000000000000000000000000000000000000000000000000000000000000000000000000000000000000000000000000000000000000000000000000000000000000000000000000000000000000000000000000000000000000000000000000000000000000000000000000000000000000000000000000000000000000000000000000000000000000000000000000000000000000000000000000000000000000000000000000000000000000000000000000000000000000000000000000000000000000000000000000000000000000000000000000000000000000000000000000000000000000000000000000000000000000000000000000000000000000000000000000000000000000000000000000000000000000000000000000000000000000000000000000000000000000000000000000000000000000000000000000000000000000000000000000000000000000000000000000000000000000000000000000000000000000000000000000000000000000000000000000000000000000000000000000000000000000000000000000000000000000000000000000000000000000004e0061006d0065003d0022004d006900630072006f0073006f00660074002000530051004c00200053006500720076006500720020004d0061006e006100670065006d0065006e0074002000530074007500640069006f002200000000800500060000004400310000000002260022000000740062006c00500072006f006a006500630074004500760065006e0074007300000008000000640062006f000000000226002a000000740062006c00500072006f006a006500630074005a006f0065006b006500720074006a0065007300000008000000640062006f000000000226002a000000740062006c00500072006f006a006500630074004700650062007200750069006b00650072007300000008000000640062006f0000000002260026000000740062006c00500072006f006a0065006300740041007200740069006b0065006c007300000008000000640062006f000000000226001c000000740062006c005a006f0065006b006500720074006a0065007300000008000000640062006f0000000002260014000000740062006c00530074006500640065006e00000008000000640062006f0000000002260018000000740062006c0052006500610063007400690065007300000008000000640062006f000000000226001a000000740062006c00500072006f006a0065006300740065006e00000008000000640062006f000000000226001c000000740062006c004700650062007200750069006b00650072007300000008000000640062006f0000000002260012000000740062006c0046006f0074006f007300000008000000640062006f0000000002260014000000740062006c004500760065006e0074007300000008000000640062006f000000000226001e000000740062006c00430061007400650067006f0072006900650065006e00000008000000640062006f0000000002260018000000740062006c0041007200740069006b0065006c007300000008000000640062006f0000000002260026000000740062006c00500072006f006a0065006300740052006500610063007400690065007300000008000000640062006f0000000002260020000000740062006c00500072006f006a0065006300740046006f0074006f007300000008000000640062006f000000000226002a000000740062006c005a006f0065006b006500720074006a00650052006500610063007400690065007300000008000000640062006f0000000002260024000000740062006c005a006f0065006b006500720074006a00650046006f0074006f007300000008000000640062006f0000000002260026000000740062006c0041007200740069006b0065006c0052006500610063007400690065007300000008000000640062006f0000000002260020000000740062006c0041007200740069006b0065006c0046006f0074006f007300000008000000640062006f0000000002260026000000740062006c004500760065006e0074004700650062007200750069006b00650072007300000008000000640062006f0000000002260022000000740062006c004500760065006e00740052006500610063007400690065007300000008000000640062006f000000000224001c000000740062006c004500760065006e00740046006f0074006f007300000008000000640062006f00000001000000d68509b3bb6bf2459ab8371664f0327008004e0000007b00310036003300340043004400440037002d0030003800380038002d0034003200450033002d0039004600410032002d004200360044003300320035003600330042003900310044007d0000000000010003000000000000000c0000000b00000000000000000000000000000000000000000000000000000000000000000000000000000000000000000000000000000000000000000000000000000000000000000000000000000000000000000000000000000000000000000000000000000000000000000000000000000000000000000000000000000000000000000000000000000000000000000000000000000000000000000000000000000000000000000000000000000000000000000062885214);

-- --------------------------------------------------------

--
-- Tabelstructuur voor tabel `tblartikelfotos`
--

CREATE TABLE IF NOT EXISTS `tblartikelfotos` (
  `ArtikelId` int(11) NOT NULL,
  `FotoId` int(11) NOT NULL,
  PRIMARY KEY (`ArtikelId`,`FotoId`),
  KEY `FK_tblArtikelFotos_tblFotos` (`FotoId`)
) ENGINE=InnoDB DEFAULT CHARSET=latin1;

-- --------------------------------------------------------

--
-- Tabelstructuur voor tabel `tblartikelreacties`
--

CREATE TABLE IF NOT EXISTS `tblartikelreacties` (
  `ArtikelId` int(11) NOT NULL,
  `ReactieId` int(11) NOT NULL,
  PRIMARY KEY (`ArtikelId`,`ReactieId`),
  KEY `FK_tblArtikelReacties_tblReacties` (`ReactieId`)
) ENGINE=InnoDB DEFAULT CHARSET=latin1;

--
-- Gegevens worden uitgevoerd voor tabel `tblartikelreacties`
--

INSERT INTO `tblartikelreacties` (`ArtikelId`, `ReactieId`) VALUES
(1, 1);

-- --------------------------------------------------------

--
-- Tabelstructuur voor tabel `tblartikels`
--

CREATE TABLE IF NOT EXISTS `tblartikels` (
  `Id` int(11) NOT NULL AUTO_INCREMENT,
  `Titel` char(60) NOT NULL,
  `Omschrijving` longtext NOT NULL,
  `Aanmaakdatum` date NOT NULL,
  `AdminId` int(11) NOT NULL,
  `CategorieId` int(11) NOT NULL,
  PRIMARY KEY (`Id`),
  KEY `FK_tblArtikels_tblCategorieen` (`CategorieId`),
  KEY `FK_tblArtikels_tblGebruikers` (`AdminId`)
) ENGINE=InnoDB  DEFAULT CHARSET=latin1 AUTO_INCREMENT=3 ;

--
-- Gegevens worden uitgevoerd voor tabel `tblartikels`
--

INSERT INTO `tblartikels` (`Id`, `Titel`, `Omschrijving`, `Aanmaakdatum`, `AdminId`, `CategorieId`) VALUES
(1, 'Tips voor iedereen', 'Heel veel tips zal ik hier plaatsen, geef mij wat tijd', '2015-05-01', 3, 3),
(2, 'Wat ik opgemerkt heb', 'Lorem ipsum harem duksun, entra pos tales ina haka tes las posos. Pre nada chonkosolade tra kun-bin tares', '2015-05-05', 1, 3);

-- --------------------------------------------------------

--
-- Tabelstructuur voor tabel `tblcategorieen`
--

CREATE TABLE IF NOT EXISTS `tblcategorieen` (
  `Id` int(11) NOT NULL AUTO_INCREMENT,
  `Naam` char(25) NOT NULL,
  `Soort` int(11) DEFAULT NULL,
  PRIMARY KEY (`Id`)
) ENGINE=InnoDB  DEFAULT CHARSET=latin1 AUTO_INCREMENT=12 ;

--
-- Gegevens worden uitgevoerd voor tabel `tblcategorieen`
--

INSERT INTO `tblcategorieen` (`Id`, `Naam`, `Soort`) VALUES
(1, 'Kleine werken', 1),
(2, 'Grote werken', 1),
(3, 'Vrijwilligerswerk', 1),
(4, 'Onderhoud', 1),
(5, 'Feesten', 2),
(6, 'Workshops', 2),
(7, 'Materiaal', 3),
(8, 'Algemeen', 3),
(9, 'Informatief', 4),
(10, 'Tips & tricks', 4),
(11, 'Ervaringen', 4);

-- --------------------------------------------------------

--
-- Tabelstructuur voor tabel `tbleventfotos`
--

CREATE TABLE IF NOT EXISTS `tbleventfotos` (
  `EventId` int(11) NOT NULL,
  `FotoId` int(11) NOT NULL,
  PRIMARY KEY (`EventId`,`FotoId`),
  KEY `FK_tblEventFotos_tblFotos` (`FotoId`)
) ENGINE=InnoDB DEFAULT CHARSET=latin1;

-- --------------------------------------------------------

--
-- Tabelstructuur voor tabel `tbleventgebruikers`
--

CREATE TABLE IF NOT EXISTS `tbleventgebruikers` (
  `EventId` int(11) NOT NULL,
  `GebruikerId` int(11) NOT NULL,
  PRIMARY KEY (`EventId`,`GebruikerId`),
  KEY `FK_tblEventGebruikers_tblGebruikers` (`GebruikerId`)
) ENGINE=InnoDB DEFAULT CHARSET=latin1;

--
-- Gegevens worden uitgevoerd voor tabel `tbleventgebruikers`
--

INSERT INTO `tbleventgebruikers` (`EventId`, `GebruikerId`) VALUES
(2, 1),
(1, 2),
(1, 3);

-- --------------------------------------------------------

--
-- Tabelstructuur voor tabel `tbleventreacties`
--

CREATE TABLE IF NOT EXISTS `tbleventreacties` (
  `EventId` int(11) NOT NULL,
  `ReactieId` int(11) NOT NULL,
  PRIMARY KEY (`EventId`,`ReactieId`),
  KEY `FK_tblEventReacties_tblReacties` (`ReactieId`)
) ENGINE=InnoDB DEFAULT CHARSET=latin1;

--
-- Gegevens worden uitgevoerd voor tabel `tbleventreacties`
--

INSERT INTO `tbleventreacties` (`EventId`, `ReactieId`) VALUES
(1, 2);

-- --------------------------------------------------------

--
-- Tabelstructuur voor tabel `tblevents`
--

CREATE TABLE IF NOT EXISTS `tblevents` (
  `Id` int(11) NOT NULL AUTO_INCREMENT,
  `Titel` char(60) NOT NULL,
  `Omschrijving` longtext NOT NULL,
  `Datum` date NOT NULL,
  `Looptijd` int(11) NOT NULL,
  `PlaatsId` int(11) NOT NULL,
  `Straat` char(60) DEFAULT NULL,
  `Website` varchar(100) DEFAULT NULL,
  `AdminId` int(11) NOT NULL,
  `CategorieId` int(11) NOT NULL,
  PRIMARY KEY (`Id`),
  KEY `FK_tblEvents_tblCategorieen` (`CategorieId`),
  KEY `FK_tblEvents_tblGebruikers` (`AdminId`),
  KEY `FK_tblEvents_tblSteden` (`PlaatsId`)
) ENGINE=InnoDB  DEFAULT CHARSET=latin1 AUTO_INCREMENT=3 ;

--
-- Gegevens worden uitgevoerd voor tabel `tblevents`
--

INSERT INTO `tblevents` (`Id`, `Titel`, `Omschrijving`, `Datum`, `Looptijd`, `PlaatsId`, `Straat`, `Website`, `AdminId`, `CategorieId`) VALUES
(1, 'Buurtfeest Gent', 'Ik organiseer een feestje om elkaar wat beter te leren kennen. Iedereen is welkom.', '2015-06-12', 1, 4, 'bosstraat', '', 2, 3),
(2, 'Workshop lorem ipsum', 'Lorem darom warom koren baren. Naar gelang het in de bos kanten kan komen en draaien want het gaat goe wanneer men boos kijkt. Drie keren en koningen want kringen gaan water slapen.', '2015-07-01', 2, 1, 'hoogstraat 25', 'www.oudenaarde.be', 4, 3);

-- --------------------------------------------------------

--
-- Tabelstructuur voor tabel `tblfotos`
--

CREATE TABLE IF NOT EXISTS `tblfotos` (
  `Id` int(11) NOT NULL AUTO_INCREMENT,
  `Url` char(50) NOT NULL,
  PRIMARY KEY (`Id`)
) ENGINE=InnoDB DEFAULT CHARSET=latin1 AUTO_INCREMENT=1 ;

-- --------------------------------------------------------

--
-- Tabelstructuur voor tabel `tblgebruikers`
--

CREATE TABLE IF NOT EXISTS `tblgebruikers` (
  `Id` int(11) NOT NULL AUTO_INCREMENT,
  `Naam` char(50) NOT NULL,
  `Email` char(50) NOT NULL,
  `PlaatsId` int(11) NOT NULL,
  `Gebruikersnaam` char(25) NOT NULL,
  `Geboortedatum` date NOT NULL,
  `Biografie` longtext,
  `Foto` char(50) DEFAULT NULL,
  `Telefoon` char(10) DEFAULT NULL,
  `TelefoonPubliek` tinyint(1) NOT NULL,
  `NaamPubliek` tinyint(1) NOT NULL,
  PRIMARY KEY (`Id`),
  KEY `FK_tblGebruikers_tblSteden` (`PlaatsId`)
) ENGINE=InnoDB  DEFAULT CHARSET=latin1 AUTO_INCREMENT=5 ;

--
-- Gegevens worden uitgevoerd voor tabel `tblgebruikers`
--

INSERT INTO `tblgebruikers` (`Id`, `Naam`, `Email`, `PlaatsId`, `Gebruikersnaam`, `Geboortedatum`, `Biografie`, `Foto`, `Telefoon`, `TelefoonPubliek`, `NaamPubliek`) VALUES
(1, 'Sergey Skiridov', 'sergiy.skiridov@student.howest.be', 1, 'srgskiri', '1991-06-28', 'Geboren en getogen in Oekrane maar uiteindelijk verhuisd naar Belgi samen met mijn vader en mij broer. Nu wil ik graag helpen om de straten groen te maken :) !', '', '0499123456', 1, 1),
(2, 'Barack Obama', 'barack.obama@howest.be', 4, 'bobama', '1975-02-21', 'YES WE CAN!', '', '055123456', 0, 1),
(3, 'Eminem Marshall', 'eminem@gmail.be', 3, 'eminem', '1983-12-08', 'Sinds mij opa overleden is wil ik zijn droom waar maken. Hij had altijd groene vingers en praatte altijd over hoe hij graag een hele bos wou planten. Ik kan dit niet meteen realiseren, ik heb niet veel ervaring met planten. Maar dit is een mooie start vind ik. Indien je tips voor mij hebt, laat ze maar horen, ik sta open voor alles.', '', '0456889922', 1, 0),
(4, 'Dieter De Preester', 'ddp@hotmail.com', 5, 'DDP', '1980-08-30', 'Om eerlijk te zijn heb ik niet veel tijd om te werken aan mijn gevel, ik heb het heel druk op het werk momenteel. Maar ik zie graag groen, het maat me blij. Dus ik steun deze beweging met heel mijn hart.', '', '0433550011', 0, 0);

-- --------------------------------------------------------

--
-- Tabelstructuur voor tabel `tblprojectartikels`
--

CREATE TABLE IF NOT EXISTS `tblprojectartikels` (
  `ProjectId` int(11) NOT NULL,
  `ArtikelId` int(11) NOT NULL,
  PRIMARY KEY (`ProjectId`,`ArtikelId`),
  KEY `FK_tblProjectArtikels_tblArtikels` (`ArtikelId`)
) ENGINE=InnoDB DEFAULT CHARSET=latin1;

--
-- Gegevens worden uitgevoerd voor tabel `tblprojectartikels`
--

INSERT INTO `tblprojectartikels` (`ProjectId`, `ArtikelId`) VALUES
(2, 2);

-- --------------------------------------------------------

--
-- Tabelstructuur voor tabel `tblprojecten`
--

CREATE TABLE IF NOT EXISTS `tblprojecten` (
  `Id` int(11) NOT NULL AUTO_INCREMENT,
  `Titel` char(60) NOT NULL,
  `Omschrijving` longtext NOT NULL,
  `Aanmaakdatum` date NOT NULL,
  `Looptijd` int(11) NOT NULL,
  `PlaatsId` int(11) NOT NULL,
  `Straat` char(60) DEFAULT NULL,
  `Website` varchar(100) DEFAULT NULL,
  `AdminId` int(11) NOT NULL,
  `CategorieId` int(11) NOT NULL,
  PRIMARY KEY (`Id`),
  KEY `FK_tblProjecten_tblCategorieen` (`CategorieId`),
  KEY `FK_tblProjecten_tblGebruikers` (`AdminId`),
  KEY `FK_tblProjecten_tblSteden` (`PlaatsId`)
) ENGINE=InnoDB  DEFAULT CHARSET=latin1 AUTO_INCREMENT=4 ;

--
-- Gegevens worden uitgevoerd voor tabel `tblprojecten`
--

INSERT INTO `tblprojecten` (`Id`, `Titel`, `Omschrijving`, `Aanmaakdatum`, `Looptijd`, `PlaatsId`, `Straat`, `Website`, `AdminId`, `CategorieId`) VALUES
(1, 'Mijn allereerste projectje', 'Ik zou graag mij voorgevel veranderen in iets groeners. Nu is dit helemaal niet groen! (misschien een beetje, maar het mag altijd meer) Ik zal zelf bezig zijn de hele week door, en iedereen is welkom om mij te helpen. Ik voorzie voor drank.', '2015-03-03', 7, 1, 'Gevaertsdreef 99', 'www.howest.be', 1, 2),
(2, 'Tips-101 voor de beste tuintje', 'Aangezien ik al heel mijn leven heel wat informatie verzameld heb over planten en hoe je moet planten, heb ik nu een kleine handleiding gemaakt om mensen te helpen hun eigen tuin mooi te maken. \r\n	  Ik zal dit binnenkort hier plaatsen.', '2015-05-12', 0, 3, 'blaarmeersen', 'www.gent.be', 3, 1),
(3, 'HELP MIJ!!!', 'Help, tomaten zijn aan het verwelken, wat kan ik doen? Kan iemand mij komen helpen en tonen wat ik moet doen?', '2015-06-07', 2, 2, 'hoogstraat 76', '', 3, 4);

-- --------------------------------------------------------

--
-- Tabelstructuur voor tabel `tblprojectevents`
--

CREATE TABLE IF NOT EXISTS `tblprojectevents` (
  `ProjectId` int(11) NOT NULL,
  `EventId` int(11) NOT NULL,
  PRIMARY KEY (`ProjectId`,`EventId`),
  KEY `FK_tblProjectEvents_tblEvents` (`EventId`)
) ENGINE=InnoDB DEFAULT CHARSET=latin1;

--
-- Gegevens worden uitgevoerd voor tabel `tblprojectevents`
--

INSERT INTO `tblprojectevents` (`ProjectId`, `EventId`) VALUES
(2, 1);

-- --------------------------------------------------------

--
-- Tabelstructuur voor tabel `tblprojectfotos`
--

CREATE TABLE IF NOT EXISTS `tblprojectfotos` (
  `ProjectId` int(11) NOT NULL,
  `FotoId` int(11) NOT NULL,
  PRIMARY KEY (`ProjectId`,`FotoId`),
  KEY `FK_tblProjectFotos_tblFotos` (`FotoId`)
) ENGINE=InnoDB DEFAULT CHARSET=latin1;

-- --------------------------------------------------------

--
-- Tabelstructuur voor tabel `tblprojectgebruikers`
--

CREATE TABLE IF NOT EXISTS `tblprojectgebruikers` (
  `ProjectId` int(11) NOT NULL,
  `GebruikerId` int(11) NOT NULL,
  PRIMARY KEY (`ProjectId`,`GebruikerId`),
  KEY `FK_tblProjectGebruikers_tblGebruikers` (`GebruikerId`)
) ENGINE=InnoDB DEFAULT CHARSET=latin1;

--
-- Gegevens worden uitgevoerd voor tabel `tblprojectgebruikers`
--

INSERT INTO `tblprojectgebruikers` (`ProjectId`, `GebruikerId`) VALUES
(1, 1),
(2, 1),
(3, 2),
(2, 3),
(2, 4),
(3, 4);

-- --------------------------------------------------------

--
-- Tabelstructuur voor tabel `tblprojectreacties`
--

CREATE TABLE IF NOT EXISTS `tblprojectreacties` (
  `ProjectId` int(11) NOT NULL,
  `ReactieId` int(11) NOT NULL,
  PRIMARY KEY (`ProjectId`,`ReactieId`),
  KEY `FK_tblProjectReacties_tblReacties` (`ReactieId`)
) ENGINE=InnoDB DEFAULT CHARSET=latin1;

--
-- Gegevens worden uitgevoerd voor tabel `tblprojectreacties`
--

INSERT INTO `tblprojectreacties` (`ProjectId`, `ReactieId`) VALUES
(1, 3),
(2, 5),
(2, 6),
(3, 9),
(1, 10);

-- --------------------------------------------------------

--
-- Tabelstructuur voor tabel `tblprojectzoekertjes`
--

CREATE TABLE IF NOT EXISTS `tblprojectzoekertjes` (
  `ProjectId` int(11) NOT NULL,
  `ZoekertjeId` int(11) NOT NULL,
  PRIMARY KEY (`ProjectId`,`ZoekertjeId`),
  KEY `FK_tblProjectZoekertjes_tblZoekertjes` (`ZoekertjeId`)
) ENGINE=InnoDB DEFAULT CHARSET=latin1;

--
-- Gegevens worden uitgevoerd voor tabel `tblprojectzoekertjes`
--

INSERT INTO `tblprojectzoekertjes` (`ProjectId`, `ZoekertjeId`) VALUES
(1, 1);

-- --------------------------------------------------------

--
-- Tabelstructuur voor tabel `tblreacties`
--

CREATE TABLE IF NOT EXISTS `tblreacties` (
  `Id` int(11) NOT NULL AUTO_INCREMENT,
  `Omschrijving` longtext NOT NULL,
  `Aanmaakdatum` date NOT NULL,
  `AdminId` int(11) NOT NULL,
  PRIMARY KEY (`Id`)
) ENGINE=InnoDB  DEFAULT CHARSET=latin1 AUTO_INCREMENT=11 ;

--
-- Gegevens worden uitgevoerd voor tabel `tblreacties`
--

INSERT INTO `tblreacties` (`Id`, `Omschrijving`, `Aanmaakdatum`, `AdminId`) VALUES
(1, 'Ik vind dat ook! Want dit dat en dit.', '2015-02-23', 4),
(2, 'In mijn tijd was dat helemaal anders', '2015-02-23', 4),
(3, 'Hoh, naar mijn mening toe zou ik het afraden', '2015-02-28', 4),
(5, 'Hahahaha :p helemaal!', '2015-03-29', 2),
(6, 'Ah wauw ik had daar nooit aan gedacht..', '2015-03-30', 2),
(7, 'Ik leer echt veel bij vandaag', '2015-03-30', 2),
(8, 'Hmm, ben jij daar wel zeker van? Het lijkt raar', '2015-04-04', 1),
(9, 'Da wist ik wel nog niet', '2015-04-07', 1),
(10, 'Lol', '2015-04-24', 1);

-- --------------------------------------------------------

--
-- Tabelstructuur voor tabel `tblsteden`
--

CREATE TABLE IF NOT EXISTS `tblsteden` (
  `Id` int(11) NOT NULL AUTO_INCREMENT,
  `Gemeente` char(25) NOT NULL,
  `Postcode` char(4) NOT NULL,
  PRIMARY KEY (`Id`)
) ENGINE=InnoDB  DEFAULT CHARSET=latin1 AUTO_INCREMENT=6 ;

--
-- Gegevens worden uitgevoerd voor tabel `tblsteden`
--

INSERT INTO `tblsteden` (`Id`, `Gemeente`, `Postcode`) VALUES
(1, 'Oudenaarde', '9700'),
(2, 'Ename', '9700'),
(3, 'Kortrijk', '8500'),
(4, 'Gent', '9000'),
(5, 'Brugge', '8000');

-- --------------------------------------------------------

--
-- Tabelstructuur voor tabel `tblzoekertjefotos`
--

CREATE TABLE IF NOT EXISTS `tblzoekertjefotos` (
  `ZoekertjeId` int(11) NOT NULL,
  `FotoId` int(11) NOT NULL,
  PRIMARY KEY (`ZoekertjeId`,`FotoId`),
  KEY `FK_tblZoekertjeFotos_tblFotos` (`FotoId`)
) ENGINE=InnoDB DEFAULT CHARSET=latin1;

-- --------------------------------------------------------

--
-- Tabelstructuur voor tabel `tblzoekertjereacties`
--

CREATE TABLE IF NOT EXISTS `tblzoekertjereacties` (
  `ZoekertjeId` int(11) NOT NULL,
  `ReactieId` int(11) NOT NULL,
  PRIMARY KEY (`ZoekertjeId`,`ReactieId`),
  KEY `FK_tblZoekertjeReacties_tblReacties` (`ReactieId`)
) ENGINE=InnoDB DEFAULT CHARSET=latin1;

--
-- Gegevens worden uitgevoerd voor tabel `tblzoekertjereacties`
--

INSERT INTO `tblzoekertjereacties` (`ZoekertjeId`, `ReactieId`) VALUES
(1, 7),
(2, 8);

-- --------------------------------------------------------

--
-- Tabelstructuur voor tabel `tblzoekertjes`
--

CREATE TABLE IF NOT EXISTS `tblzoekertjes` (
  `Id` int(11) NOT NULL AUTO_INCREMENT,
  `Titel` char(60) NOT NULL,
  `Omschrijving` longtext NOT NULL,
  `Aanmaakdatum` date NOT NULL,
  `AdminId` int(11) NOT NULL,
  `CategorieId` int(11) NOT NULL,
  PRIMARY KEY (`Id`),
  KEY `FK_tblZoekertjes_tblCategorieen` (`CategorieId`),
  KEY `FK_tblZoekertjes_tblGebruikers` (`AdminId`)
) ENGINE=InnoDB  DEFAULT CHARSET=latin1 AUTO_INCREMENT=3 ;

--
-- Gegevens worden uitgevoerd voor tabel `tblzoekertjes`
--

INSERT INTO `tblzoekertjes` (`Id`, `Titel`, `Omschrijving`, `Aanmaakdatum`, `AdminId`, `CategorieId`) VALUES
(1, 'Ik zoek een hamer', 'Ik zoek een hamer - regio gent', '2015-02-27', 2, 3),
(2, 'Materiaal om te lenen', 'Ik heb wat materiaal liggen dat je kunt lenen', '2015-04-14', 1, 2);

--
-- Beperkingen voor gedumpte tabellen
--

--
-- Beperkingen voor tabel `tblartikelfotos`
--
ALTER TABLE `tblartikelfotos`
  ADD CONSTRAINT `FK_tblArtikelFotos_tblArtikels` FOREIGN KEY (`ArtikelId`) REFERENCES `tblartikels` (`Id`) ON DELETE NO ACTION ON UPDATE NO ACTION,
  ADD CONSTRAINT `FK_tblArtikelFotos_tblFotos` FOREIGN KEY (`FotoId`) REFERENCES `tblfotos` (`Id`) ON DELETE NO ACTION ON UPDATE NO ACTION;

--
-- Beperkingen voor tabel `tblartikelreacties`
--
ALTER TABLE `tblartikelreacties`
  ADD CONSTRAINT `FK_tblArtikelReacties_tblArtikels` FOREIGN KEY (`ArtikelId`) REFERENCES `tblartikels` (`Id`) ON DELETE NO ACTION ON UPDATE NO ACTION,
  ADD CONSTRAINT `FK_tblArtikelReacties_tblReacties` FOREIGN KEY (`ReactieId`) REFERENCES `tblreacties` (`Id`) ON DELETE NO ACTION ON UPDATE NO ACTION;

--
-- Beperkingen voor tabel `tblartikels`
--
ALTER TABLE `tblartikels`
  ADD CONSTRAINT `FK_tblArtikels_tblCategorieen` FOREIGN KEY (`CategorieId`) REFERENCES `tblcategorieen` (`Id`) ON DELETE NO ACTION ON UPDATE NO ACTION,
  ADD CONSTRAINT `FK_tblArtikels_tblGebruikers` FOREIGN KEY (`AdminId`) REFERENCES `tblgebruikers` (`Id`) ON DELETE NO ACTION ON UPDATE NO ACTION;

--
-- Beperkingen voor tabel `tbleventfotos`
--
ALTER TABLE `tbleventfotos`
  ADD CONSTRAINT `FK_tblEventFotos_tblFotos` FOREIGN KEY (`FotoId`) REFERENCES `tblfotos` (`Id`) ON DELETE NO ACTION ON UPDATE NO ACTION,
  ADD CONSTRAINT `FK_tblEventFotos_tblEvents` FOREIGN KEY (`EventId`) REFERENCES `tblevents` (`Id`) ON DELETE NO ACTION ON UPDATE NO ACTION;

--
-- Beperkingen voor tabel `tbleventgebruikers`
--
ALTER TABLE `tbleventgebruikers`
  ADD CONSTRAINT `FK_tblEventGebruikers_tblGebruikers` FOREIGN KEY (`GebruikerId`) REFERENCES `tblgebruikers` (`Id`) ON DELETE NO ACTION ON UPDATE NO ACTION,
  ADD CONSTRAINT `FK_tblEventGebruikers_tblEvents` FOREIGN KEY (`EventId`) REFERENCES `tblevents` (`Id`) ON DELETE NO ACTION ON UPDATE NO ACTION;

--
-- Beperkingen voor tabel `tbleventreacties`
--
ALTER TABLE `tbleventreacties`
  ADD CONSTRAINT `FK_tblEventReacties_tblReacties` FOREIGN KEY (`ReactieId`) REFERENCES `tblreacties` (`Id`) ON DELETE NO ACTION ON UPDATE NO ACTION,
  ADD CONSTRAINT `FK_tblEventReacties_tblEvents` FOREIGN KEY (`EventId`) REFERENCES `tblevents` (`Id`) ON DELETE NO ACTION ON UPDATE NO ACTION;

--
-- Beperkingen voor tabel `tblevents`
--
ALTER TABLE `tblevents`
  ADD CONSTRAINT `FK_tblEvents_tblCategorieen` FOREIGN KEY (`CategorieId`) REFERENCES `tblcategorieen` (`Id`) ON DELETE NO ACTION ON UPDATE NO ACTION,
  ADD CONSTRAINT `FK_tblEvents_tblGebruikers` FOREIGN KEY (`AdminId`) REFERENCES `tblgebruikers` (`Id`) ON DELETE NO ACTION ON UPDATE NO ACTION,
  ADD CONSTRAINT `FK_tblEvents_tblSteden` FOREIGN KEY (`PlaatsId`) REFERENCES `tblsteden` (`Id`) ON DELETE NO ACTION ON UPDATE NO ACTION;

--
-- Beperkingen voor tabel `tblgebruikers`
--
ALTER TABLE `tblgebruikers`
  ADD CONSTRAINT `FK_tblGebruikers_tblSteden` FOREIGN KEY (`PlaatsId`) REFERENCES `tblsteden` (`Id`) ON DELETE NO ACTION ON UPDATE NO ACTION;

--
-- Beperkingen voor tabel `tblprojectartikels`
--
ALTER TABLE `tblprojectartikels`
  ADD CONSTRAINT `FK_tblProjectArtikels_tblArtikels` FOREIGN KEY (`ArtikelId`) REFERENCES `tblartikels` (`Id`) ON DELETE NO ACTION ON UPDATE NO ACTION,
  ADD CONSTRAINT `FK_tblProjectArtikels_tblProjecten` FOREIGN KEY (`ProjectId`) REFERENCES `tblprojecten` (`Id`) ON DELETE NO ACTION ON UPDATE NO ACTION;

--
-- Beperkingen voor tabel `tblprojecten`
--
ALTER TABLE `tblprojecten`
  ADD CONSTRAINT `FK_tblProjecten_tblCategorieen` FOREIGN KEY (`CategorieId`) REFERENCES `tblcategorieen` (`Id`) ON DELETE NO ACTION ON UPDATE NO ACTION,
  ADD CONSTRAINT `FK_tblProjecten_tblGebruikers` FOREIGN KEY (`AdminId`) REFERENCES `tblgebruikers` (`Id`) ON DELETE NO ACTION ON UPDATE NO ACTION,
  ADD CONSTRAINT `FK_tblProjecten_tblSteden` FOREIGN KEY (`PlaatsId`) REFERENCES `tblsteden` (`Id`) ON DELETE NO ACTION ON UPDATE NO ACTION;

--
-- Beperkingen voor tabel `tblprojectevents`
--
ALTER TABLE `tblprojectevents`
  ADD CONSTRAINT `FK_tblProjectEvents_tblProjecten` FOREIGN KEY (`ProjectId`) REFERENCES `tblprojecten` (`Id`) ON DELETE NO ACTION ON UPDATE NO ACTION,
  ADD CONSTRAINT `FK_tblProjectEvents_tblEvents` FOREIGN KEY (`EventId`) REFERENCES `tblevents` (`Id`) ON DELETE NO ACTION ON UPDATE NO ACTION;

--
-- Beperkingen voor tabel `tblprojectfotos`
--
ALTER TABLE `tblprojectfotos`
  ADD CONSTRAINT `FK_tblProjectFotos_tblProjecten` FOREIGN KEY (`ProjectId`) REFERENCES `tblprojecten` (`Id`) ON DELETE NO ACTION ON UPDATE NO ACTION,
  ADD CONSTRAINT `FK_tblProjectFotos_tblFotos` FOREIGN KEY (`FotoId`) REFERENCES `tblfotos` (`Id`) ON DELETE NO ACTION ON UPDATE NO ACTION;

--
-- Beperkingen voor tabel `tblprojectgebruikers`
--
ALTER TABLE `tblprojectgebruikers`
  ADD CONSTRAINT `FK_tblProjectGebruikers_tblGebruikers` FOREIGN KEY (`GebruikerId`) REFERENCES `tblgebruikers` (`Id`) ON DELETE NO ACTION ON UPDATE NO ACTION,
  ADD CONSTRAINT `FK_tblProjectGebruikers_tblProjecten` FOREIGN KEY (`ProjectId`) REFERENCES `tblprojecten` (`Id`) ON DELETE NO ACTION ON UPDATE NO ACTION;

--
-- Beperkingen voor tabel `tblprojectreacties`
--
ALTER TABLE `tblprojectreacties`
  ADD CONSTRAINT `FK_tblProjectReacties_tblReacties` FOREIGN KEY (`ReactieId`) REFERENCES `tblreacties` (`Id`) ON DELETE NO ACTION ON UPDATE NO ACTION,
  ADD CONSTRAINT `FK_tblProjectReacties_tblProjecten` FOREIGN KEY (`ProjectId`) REFERENCES `tblprojecten` (`Id`) ON DELETE NO ACTION ON UPDATE NO ACTION;

--
-- Beperkingen voor tabel `tblprojectzoekertjes`
--
ALTER TABLE `tblprojectzoekertjes`
  ADD CONSTRAINT `FK_tblProjectZoekertjes_tblZoekertjes` FOREIGN KEY (`ZoekertjeId`) REFERENCES `tblzoekertjes` (`Id`) ON DELETE NO ACTION ON UPDATE NO ACTION,
  ADD CONSTRAINT `FK_tblProjectZoekertjes_tblProjecten` FOREIGN KEY (`ProjectId`) REFERENCES `tblprojecten` (`Id`) ON DELETE NO ACTION ON UPDATE NO ACTION;

--
-- Beperkingen voor tabel `tblzoekertjefotos`
--
ALTER TABLE `tblzoekertjefotos`
  ADD CONSTRAINT `FK_tblZoekertjeFotos_tblZoekertjes` FOREIGN KEY (`ZoekertjeId`) REFERENCES `tblzoekertjes` (`Id`) ON DELETE NO ACTION ON UPDATE NO ACTION,
  ADD CONSTRAINT `FK_tblZoekertjeFotos_tblFotos` FOREIGN KEY (`FotoId`) REFERENCES `tblfotos` (`Id`) ON DELETE NO ACTION ON UPDATE NO ACTION;

--
-- Beperkingen voor tabel `tblzoekertjereacties`
--
ALTER TABLE `tblzoekertjereacties`
  ADD CONSTRAINT `FK_tblZoekertjeReacties_tblZoekertjes` FOREIGN KEY (`ZoekertjeId`) REFERENCES `tblzoekertjes` (`Id`) ON DELETE NO ACTION ON UPDATE NO ACTION,
  ADD CONSTRAINT `FK_tblZoekertjeReacties_tblReacties` FOREIGN KEY (`ReactieId`) REFERENCES `tblreacties` (`Id`) ON DELETE NO ACTION ON UPDATE NO ACTION;

--
-- Beperkingen voor tabel `tblzoekertjes`
--
ALTER TABLE `tblzoekertjes`
  ADD CONSTRAINT `FK_tblZoekertjes_tblCategorieen` FOREIGN KEY (`CategorieId`) REFERENCES `tblcategorieen` (`Id`) ON DELETE NO ACTION ON UPDATE NO ACTION,
  ADD CONSTRAINT `FK_tblZoekertjes_tblGebruikers` FOREIGN KEY (`AdminId`) REFERENCES `tblgebruikers` (`Id`) ON DELETE NO ACTION ON UPDATE NO ACTION;

/*!40101 SET CHARACTER_SET_CLIENT=@OLD_CHARACTER_SET_CLIENT */;
/*!40101 SET CHARACTER_SET_RESULTS=@OLD_CHARACTER_SET_RESULTS */;
/*!40101 SET COLLATION_CONNECTION=@OLD_COLLATION_CONNECTION */;
